-- phpMyAdmin SQL Dump
-- version 4.2.7.1
-- http://www.phpmyadmin.net
--
-- Servidor: 127.0.0.1
-- Tiempo de generación: 05-05-2015 a las 03:51:14
-- Versión del servidor: 5.6.20
-- Versión de PHP: 5.5.15

SET SQL_MODE = "NO_AUTO_VALUE_ON_ZERO";
SET time_zone = "+00:00";


/*!40101 SET @OLD_CHARACTER_SET_CLIENT=@@CHARACTER_SET_CLIENT */;
/*!40101 SET @OLD_CHARACTER_SET_RESULTS=@@CHARACTER_SET_RESULTS */;
/*!40101 SET @OLD_COLLATION_CONNECTION=@@COLLATION_CONNECTION */;
/*!40101 SET NAMES utf8 */;

--
-- Base de datos: `banco_examenes`
--

-- --------------------------------------------------------

--
-- Estructura de tabla para la tabla `asignaturas`
--

CREATE TABLE IF NOT EXISTS `asignaturas` (
  `codigo` int(3) NOT NULL,
  `nombre` varchar(30) COLLATE utf8_spanish_ci NOT NULL
) ENGINE=MyISAM DEFAULT CHARSET=utf8 COLLATE=utf8_spanish_ci;

--
-- Volcado de datos para la tabla `asignaturas`
--

INSERT INTO `asignaturas` (`codigo`, `nombre`) VALUES
(1, 'Matemáticas'),
(2, 'Cívica'),
(3, 'Estudios Sociales'),
(4, 'Informática'),
(5, 'Robótica'),
(6, 'Español');

-- --------------------------------------------------------

--
-- Estructura de tabla para la tabla `asignaturas_docente`
--

CREATE TABLE IF NOT EXISTS `asignaturas_docente` (
  `cod_asignatura` int(3) NOT NULL,
  `ced_docente` varchar(20) COLLATE utf8_spanish_ci NOT NULL
) ENGINE=MyISAM DEFAULT CHARSET=utf8 COLLATE=utf8_spanish_ci;

--
-- Volcado de datos para la tabla `asignaturas_docente`
--

INSERT INTO `asignaturas_docente` (`cod_asignatura`, `ced_docente`) VALUES
(4, '6-0324-0688'),
(1, '2-0460-0069');

-- --------------------------------------------------------

--
-- Estructura de tabla para la tabla `contenidos`
--

CREATE TABLE IF NOT EXISTS `contenidos` (
  `cod_contenido` int(3) NOT NULL,
  `ced_docente` varchar(50) CHARACTER SET latin1 NOT NULL,
  `nombre_contenido` varchar(50) CHARACTER SET latin1 NOT NULL,
  `nivel_contenido` int(2) NOT NULL
) ENGINE=MyISAM DEFAULT CHARSET=utf8 COLLATE=utf8_spanish_ci;

--
-- Volcado de datos para la tabla `contenidos`
--

INSERT INTO `contenidos` (`cod_contenido`, `ced_docente`, `nombre_contenido`, `nivel_contenido`) VALUES
(1, '6-0324-0688', 'Redes', 7),
(2, '6-0324-0688', 'Dispositivos', 7),
(3, '6-0324-0688', 'Generación de las computadoras', 7);

-- --------------------------------------------------------

--
-- Estructura de tabla para la tabla `contenidos_examen`
--

CREATE TABLE IF NOT EXISTS `contenidos_examen` (
  `cod_examen` int(3) NOT NULL,
  `cod_contenido` int(3) NOT NULL,
  `canti_preg_examen` int(2) NOT NULL
) ENGINE=MyISAM DEFAULT CHARSET=utf8 COLLATE=utf8_spanish_ci;

-- --------------------------------------------------------

--
-- Estructura de tabla para la tabla `desglose`
--

CREATE TABLE IF NOT EXISTS `desglose` (
  `ced_estudiante` varchar(20) COLLATE utf8_spanish_ci NOT NULL,
  `ced_docente` varchar(20) COLLATE utf8_spanish_ci NOT NULL,
  `cod_asignatura` int(2) NOT NULL,
  `nivel` int(2) NOT NULL,
  `grupo` int(2) NOT NULL,
  `cod_examen` int(3) NOT NULL,
  `contenido` varchar(30) COLLATE utf8_spanish_ci NOT NULL,
  `rendimiento` float NOT NULL
) ENGINE=MyISAM DEFAULT CHARSET=utf8 COLLATE=utf8_spanish_ci;

-- --------------------------------------------------------

--
-- Estructura de tabla para la tabla `estadistica`
--

CREATE TABLE IF NOT EXISTS `estadistica` (
`numero_registro` int(4) NOT NULL,
  `ced_estudiante` varchar(20) COLLATE utf8_spanish_ci NOT NULL,
  `ced_docente` varchar(20) COLLATE utf8_spanish_ci NOT NULL,
  `cod_asignatura` int(2) NOT NULL,
  `nivel` int(2) NOT NULL,
  `grupo` int(2) NOT NULL,
  `cod_examen` int(3) NOT NULL,
  `nota` float NOT NULL,
  `fecha` date NOT NULL
) ENGINE=MyISAM  DEFAULT CHARSET=utf8 COLLATE=utf8_spanish_ci AUTO_INCREMENT=303 ;

-- --------------------------------------------------------

--
-- Estructura de tabla para la tabla `examen`
--

CREATE TABLE IF NOT EXISTS `examen` (
`cod_examen` int(3) NOT NULL,
  `ced_docente` varchar(50) CHARACTER SET latin1 NOT NULL,
  `nombre_examen` varchar(50) CHARACTER SET latin1 NOT NULL,
  `nivel_examen` int(2) NOT NULL,
  `cod_materia` int(2) NOT NULL
) ENGINE=MyISAM  DEFAULT CHARSET=utf8 COLLATE=utf8_spanish_ci AUTO_INCREMENT=12 ;

-- --------------------------------------------------------

--
-- Estructura de tabla para la tabla `grupos`
--

CREATE TABLE IF NOT EXISTS `grupos` (
  `ced_estudiante` varchar(20) COLLATE utf8_spanish_ci NOT NULL,
  `nivel` int(2) NOT NULL,
  `grupo` int(2) NOT NULL,
  `subgrupo` varchar(2) COLLATE utf8_spanish_ci NOT NULL
) ENGINE=MyISAM DEFAULT CHARSET=utf8 COLLATE=utf8_spanish_ci;

--
-- Volcado de datos para la tabla `grupos`
--

INSERT INTO `grupos` (`ced_estudiante`, `nivel`, `grupo`, `subgrupo`) VALUES
('2-0794-0429', 9, 1, ''),
('2-0793-0178', 9, 1, ''),
('2-0812-0408', 7, 4, ''),
('2-0825-0525', 7, 4, ''),
('2-0816-0433', 7, 4, ''),
('1-1818-0792', 7, 4, ''),
('2-0822-0956', 7, 4, ''),
('2-0819-0966', 7, 4, ''),
('6', 7, 4, ''),
('1-1787-0127', 7, 4, ''),
('1-1831-0243', 7, 4, ''),
('1-1831-0220', 7, 4, ''),
('2-0790-0436', 7, 4, ''),
('2-0821-0795', 7, 5, ''),
('7-0276-0783', 7, 5, ''),
('2-0817-0281', 7, 5, ''),
('2-0820-0415', 7, 5, ''),
('117001438701', 9, 1, ''),
('1-1726-0038', 9, 1, ''),
('1-1810-0171', 7, 1, ''),
('4-0253-0798', 7, 1, ''),
('2-0819-0450', 7, 1, ''),
('1-1754-0200', 7, 1, ''),
('1-1812-0174', 7, 1, ''),
('1-1807-0341', 7, 1, ''),
('2-0979-0032', 7, 1, ''),
('2-0802-0542', 7, 1, ''),
('2-0817-0380', 7, 1, ''),
('2-0814-0448', 7, 1, ''),
('1-1818-0876', 7, 1, ''),
('2-0804-0898', 7, 1, ''),
('2-0791-0374', 7, 1, ''),
('1-1822-0101', 7, 1, ''),
('1-1816-0393', 7, 1, ''),
('7-0273-0800', 7, 1, ''),
('2-0821-0990', 7, 1, ''),
('1-1809-0051', 7, 1, ''),
('1', 7, 1, ''),
('2-0809-0937', 7, 1, ''),
('118070547', 7, 1, ''),
('1-1807-0483', 7, 1, ''),
('4-0250-0519', 7, 1, ''),
('2-0788-0684', 7, 1, ''),
('117001438524', 7, 1, ''),
('3-0528-0608', 7, 1, ''),
('1-1794-0712', 7, 1, ''),
('4-0250-0997', 7, 1, ''),
('1-1835-0959', 7, 1, ''),
('1-1835-0958', 7, 1, ''),
('1-1751-0715', 7, 1, ''),
('1-1751-0714', 7, 1, ''),
('2-0800-0399', 7, 1, ''),
('2-0819-0761', 7, 1, ''),
('2-0815-0557', 7, 2, ''),
('4-0245-0929', 7, 2, ''),
('1-1759-0648', 7, 2, ''),
('2-0815-0910', 7, 2, ''),
('2-816-523', 7, 2, ''),
('2-0807-0955', 7, 2, ''),
('2-0798-0747', 7, 2, ''),
('2001013165131000', 7, 2, ''),
('4-0251-0570', 7, 2, ''),
('2-0787-0074', 7, 2, ''),
('2-0809-0801', 7, 2, ''),
('4-0246-0498', 7, 2, ''),
('2-0813-0669', 7, 2, ''),
('2', 7, 2, ''),
('2-0805-0479', 7, 2, ''),
('1-1807-0836', 7, 2, ''),
('20806-0266', 7, 2, ''),
('2-0818-0466', 7, 2, ''),
('4-0249-0880', 7, 2, ''),
('2-0815-0734', 7, 2, ''),
('2-0815-0735', 7, 2, ''),
('2-0816-0020', 7, 2, ''),
('2-0809-0230', 7, 2, ''),
('2-0820-0957', 7, 2, ''),
('4-0250-0189', 7, 2, ''),
('2-0822-0583', 7, 2, ''),
('2-0799-0355', 7, 2, ''),
('2-0812-0678', 7, 2, ''),
('3', 7, 2, ''),
('4-0247-0291', 7, 2, ''),
('2-0809-0672', 7, 2, ''),
('2-0817-0125', 7, 2, ''),
('2-0800-0770', 7, 2, ''),
('4-0251-0089', 7, 2, ''),
('2-0815-0689', 7, 2, ''),
('2-0815-0495', 7, 3, ''),
('2-0822-0229', 7, 3, ''),
('1-1808-0175', 7, 3, ''),
('1-1775-0789', 7, 3, ''),
('6-0455-0057', 7, 3, ''),
('4-0249-0008', 7, 3, ''),
('2-0821-0966', 7, 3, ''),
('4-0247-0327', 7, 3, ''),
('2001014617120100', 7, 3, ''),
('2-0817-0010', 7, 3, ''),
('2-0817-0009', 7, 3, ''),
('9-0112-0246', 7, 3, ''),
('1-1810-0678', 7, 3, ''),
('2-0818-0491', 7, 3, ''),
('2-0793-0593', 7, 3, ''),
('4-0245-0496', 7, 3, ''),
('2-0818-0543', 7, 3, ''),
('2-0795-0285', 7, 3, ''),
('2-0775-0613', 7, 3, ''),
('1-1809-0343', 7, 3, ''),
('2-0797-0671', 7, 3, ''),
('4-0252-0958', 7, 3, ''),
('4-0251-0659', 7, 3, ''),
('2-0813-0117', 7, 3, ''),
('2-0817-0245', 7, 3, ''),
('2-0800-0338', 7, 3, ''),
('2-0803-0576', 7, 3, ''),
('2-0822-0244', 7, 3, ''),
('2-0817-0860', 7, 3, ''),
('2-0802-0327', 7, 3, ''),
('2-0817-0247', 7, 3, ''),
('2-0820-0949', 7, 3, ''),
('2-0822-0192', 7, 3, ''),
('2-0816-0991', 7, 3, ''),
('1-1815-0786', 7, 3, ''),
('2-0824-0758', 7, 3, ''),
('4', 7, 3, ''),
('2-0821-0550', 7, 4, ''),
('2-0816-0554', 7, 4, ''),
('4-0250-0815', 7, 4, ''),
('2-0815-0132', 7, 4, ''),
('2-0825-0156', 7, 4, ''),
('2-0798-0572', 7, 4, ''),
('5', 7, 4, ''),
('9-0122-0982', 7, 4, ''),
('1-1754-0543', 7, 4, ''),
('207920832', 7, 4, ''),
('2-0816-0430', 7, 4, ''),
('0049011-02604513-029', 7, 4, ''),
('4-0251-0444', 7, 4, ''),
('6-0449-0165', 7, 4, ''),
('2-0801-0287', 7, 4, ''),
('2-0816-0609', 7, 4, ''),
('2-0819-0782', 7, 4, ''),
('2-0800-0693', 7, 4, ''),
('4-0246-0227', 7, 4, ''),
('2-0810-0933', 7, 4, ''),
('4-0249-0670', 7, 4, ''),
('2-0818-0005', 7, 4, ''),
('1-1819-0570', 7, 4, ''),
('4-0245-0670', 7, 4, ''),
('2-0823-0701', 7, 4, ''),
('4-0249-0403', 7, 4, ''),
('2-0817-0883', 7, 5, ''),
('2-0815-0048', 7, 5, ''),
('208180297', 7, 5, ''),
('2-0917-0731', 7, 5, ''),
('2-0801-0654', 7, 5, ''),
('1-1771-0688', 7, 5, ''),
('2-0790-0425', 7, 5, ''),
('4-0250-0750', 7, 5, ''),
('2-0794-0777', 7, 5, ''),
('1-1828-0893', 7, 5, ''),
('3-0503-1031', 7, 5, ''),
('1-1825-0749', 7, 5, ''),
('2-0785-0184', 7, 5, ''),
('1-1815-0119', 7, 5, ''),
('2-0796-0124', 7, 5, ''),
('1-1797-0259', 7, 5, ''),
('2-0815-0485', 7, 5, ''),
('1-1825-0672', 7, 5, ''),
('4-0245-0656', 7, 5, ''),
('2-0816-0666', 7, 5, ''),
('2-0799-0740', 7, 5, ''),
('2-0816-0681', 7, 5, ''),
('4-0248-0657', 7, 5, ''),
('2-0815-0476', 7, 5, ''),
('28012010049', 7, 5, ''),
('01-054860912', 7, 5, ''),
('2-0806-0855', 7, 5, ''),
('2-0801-0192', 7, 5, ''),
('4-0251-0135', 7, 5, ''),
('1-1812-0956', 7, 5, ''),
('2-0815-0705', 7, 5, ''),
('4-0251-0673', 7, 5, ''),
('208180774', 7, 6, ''),
('1-1728-0413', 7, 6, ''),
('4-0252-0034', 7, 6, ''),
('4-0246-0912', 7, 6, ''),
('6-0476-0278', 7, 6, ''),
('1-1821-0207', 7, 6, ''),
('2-0791-0489', 7, 6, ''),
('2-0790-0448', 7, 6, ''),
('2-0815-0862', 7, 6, ''),
('2-0815-0477', 7, 6, ''),
('1-1768-0978', 7, 6, ''),
('2-0796-0904', 7, 6, ''),
('2-0820-0808', 7, 6, ''),
('2-0774-0192', 7, 6, ''),
('7', 7, 6, ''),
('4-0252-0727', 7, 6, ''),
('1-1816-0528', 7, 6, ''),
('2-08180805', 7, 6, ''),
('8', 7, 6, ''),
('2-0823-0081', 7, 6, ''),
('2-0792-0852', 7, 6, ''),
('co1323637', 7, 6, ''),
('1-1814-0692', 7, 6, ''),
('1-1819-0717', 7, 6, ''),
('2-0819-0766', 7, 6, ''),
('2-0822-0572', 7, 6, ''),
('2-0794-0242', 7, 6, ''),
('2-0808-0765', 7, 6, ''),
('2-0814-0318', 7, 6, ''),
('2-0806-0709', 7, 6, ''),
('2-0810-0537', 7, 6, ''),
('2-0818-0977', 7, 6, ''),
('2-0798-0738', 8, 1, ''),
('2-0809-0936', 8, 1, ''),
('2-0811-O563', 8, 1, ''),
('1-1755-0416', 8, 1, ''),
('2-0804-0547', 8, 1, ''),
('1-1766-0223', 8, 1, ''),
('2-0800-0790', 8, 1, ''),
('2-0783-0800', 8, 1, ''),
('2-0805-0776', 8, 1, ''),
('2-0785-0928', 8, 1, ''),
('2-0811-0793', 8, 1, ''),
('2-0807-0850', 8, 1, ''),
('1-1789-0917', 8, 1, ''),
('1-1782-0803', 8, 1, ''),
('2-0807-0912', 8, 1, ''),
('2-0811-0145', 8, 1, ''),
('2-0808-0615', 8, 1, ''),
('2-0806-0582', 8, 1, ''),
('2-0802-0814', 8, 1, ''),
('4-0249-0795', 8, 1, ''),
('2-0806-0883', 8, 1, ''),
('2-0807-0793', 8, 1, ''),
('1-1780-0844', 8, 1, ''),
('4-0246-0577', 8, 1, ''),
('2-0810-0534', 8, 1, ''),
('2-0789-0891', 8, 1, ''),
('2-0800-0977', 8, 1, ''),
('4-0248-0191', 8, 1, ''),
('2-0809-0322', 8, 1, ''),
('2-0811-0190', 8, 1, ''),
('3-0521-0034', 8, 1, ''),
('2-0806-0243', 8, 1, ''),
('5-0423-0432', 8, 1, ''),
('1-1769-0666', 8, 2, ''),
('2-0808-0898', 8, 2, ''),
('2001004992110699', 8, 2, ''),
('2-0804-0103', 8, 2, ''),
('1-1802-0483', 8, 2, ''),
('2-0830-0959', 8, 2, ''),
('6-0458-0002', 8, 2, ''),
('2-0786-0857', 8, 2, ''),
('4-0245-0169', 8, 2, ''),
('1-1775-0747', 8, 2, ''),
('2-0801-0159', 8, 2, ''),
('2-0781-0952', 8, 2, ''),
('2-0802-0666', 8, 2, ''),
('4-0243-0810', 8, 2, ''),
('4-0244-0937', 8, 2, ''),
('2-0808-0420', 8, 2, ''),
('2-0804-0535', 8, 2, ''),
('4-0248-0583', 8, 2, ''),
('1-1763-0071', 8, 2, ''),
('2-0812-0738', 8, 2, ''),
('2-0811-0017', 8, 2, ''),
('2-0811-0566', 8, 2, ''),
('2-0798-0499', 8, 2, ''),
('2-0810-0753', 8, 2, ''),
('4-0246-0407', 8, 2, ''),
('2-0813-0614', 8, 2, ''),
('1-1765-0041', 8, 2, ''),
('C01129302', 8, 2, ''),
('2-0810-0578', 8, 2, ''),
('2-0802-0904', 8, 2, ''),
('2-0805-0739', 8, 2, ''),
('2-0810-0934', 8, 2, ''),
('2-0812-0121', 8, 2, ''),
('2-0797-0351', 8, 2, ''),
('2-0810-0449', 8, 2, ''),
('4-0247-0821', 8, 2, ''),
('1-1774-0951', 8, 3, ''),
('2-0783-0215', 8, 3, ''),
('2-0803-0536', 8, 3, ''),
('2-0807-0159', 8, 3, ''),
('4-0247-0873', 8, 3, ''),
('1-1796-0201', 8, 3, ''),
('21012008274', 8, 3, ''),
('1-1756-0527', 8, 3, ''),
('1-1776-0026', 8, 3, ''),
('2-0812-0246', 8, 3, ''),
('1-1773-0170', 8, 3, ''),
('2-0807-0875', 8, 3, ''),
('2-0805-0360', 8, 3, ''),
('4-0249-0062', 8, 3, ''),
('7-0280-0139', 8, 3, ''),
('3-0516-0321', 8, 3, ''),
('4-0247-0974', 8, 3, ''),
('2-0804-0541', 8, 3, ''),
('4-0245-0453', 8, 3, ''),
('2-0810-0990', 8, 3, ''),
('2-0804-0935', 8, 3, ''),
('1-1788-0267', 8, 3, ''),
('2-0811-0430', 8, 3, ''),
('4-0248-0185', 8, 3, ''),
('2-0807-0876', 8, 3, ''),
('1-1769-0688', 8, 3, ''),
('4-0248-0978', 8, 3, ''),
('4-0249-0297', 8, 3, ''),
('1-1786-0448', 8, 3, ''),
('2-0792-0113', 8, 3, ''),
('9-0129-0724', 8, 3, ''),
('2-0810-0598', 8, 3, ''),
('2-0774-0271', 8, 3, ''),
('4-0248-0035', 8, 3, ''),
('2-0791-0038', 8, 3, ''),
('1-1773-0755', 8, 4, ''),
('2-0783-0229', 8, 4, ''),
('4-0244-0869', 8, 4, ''),
('1-1773-0776', 8, 4, ''),
('2-0802-0343', 8, 4, ''),
('1-1705-0841', 8, 4, ''),
('1-1801-0022', 8, 4, ''),
('C01102726', 8, 4, ''),
('4-0239-0947', 8, 4, ''),
('2-0803-0584', 8, 4, ''),
('2-0812-0462', 8, 4, ''),
('2-0812-0117', 8, 4, ''),
('4-0248-0362', 8, 4, ''),
('1-1789-0171', 8, 4, ''),
('1-1792-0468', 8, 4, ''),
('5-0435-0214', 8, 4, ''),
('01-139171112', 8, 4, ''),
('2-0808-0863', 8, 4, ''),
('2-0800-0321', 8, 4, ''),
('2-0786-0370', 8, 4, ''),
('2-0801-0891', 8, 4, ''),
('2-0771-0028', 8, 4, ''),
('2-0793-0052', 8, 4, ''),
('2-0796-0929', 8, 4, ''),
('1-1738-0127', 8, 4, ''),
('4-0239-0395', 8, 4, ''),
('2-0808-0864', 8, 4, ''),
('2-0810-0140', 8, 4, ''),
('4-0250-0105', 8, 4, ''),
('2-0809-0815', 8, 4, ''),
('3-0515-0441', 8, 4, ''),
('1-1793-0384', 8, 4, ''),
('1-1781-0274', 8, 4, ''),
('20', 8, 4, ''),
('1-1779-0866', 8, 5, ''),
('1-1734-0114', 8, 5, ''),
('2-0785-0284', 8, 5, ''),
('5-0431-0230', 8, 5, ''),
('2-0806-0499', 8, 5, ''),
('2-0795-0089', 8, 5, ''),
('2-0785-0777', 8, 5, ''),
('2-0804-0726', 8, 5, ''),
('4-0245-0464', 8, 5, ''),
('2-0808-0427', 8, 5, ''),
('2-0794-0776', 8, 5, ''),
('4-0247-0178', 8, 5, ''),
('2-0782-0446', 8, 5, ''),
('2-0787-0435', 8, 5, ''),
('1-1746-0502', 8, 5, ''),
('4-0245-0732', 8, 5, ''),
('2-0806-0283', 8, 5, ''),
('2-0784-0093', 8, 5, ''),
('7-0273-0761', 8, 5, ''),
('1-1739-0918', 8, 5, ''),
('2-0808-0359', 8, 5, ''),
('2-0780-0851', 8, 5, ''),
('2-0782-0417', 8, 5, ''),
('4-0248-0907', 8, 5, ''),
('2-0799-0485', 8, 5, ''),
('1-1699-0738', 8, 5, ''),
('2-0789-0761', 8, 5, ''),
('4-0249-0827', 8, 5, ''),
('2-0810-0254', 8, 5, ''),
('1-1745-0289', 8, 5, ''),
('2-0795-0870', 8, 5, ''),
('1-1754-0047', 8, 5, ''),
('1-1681-0789', 8, 5, ''),
('2-0812-0453', 8, 5, ''),
('2-0777-0319', 8, 5, ''),
('2-0792-0551', 9, 1, ''),
('4-0242-0427', 9, 1, ''),
('2-0776-0694', 9, 1, ''),
('B238502', 9, 1, ''),
('1-1757-0278', 9, 1, ''),
('2-0787-0060', 9, 1, ''),
('9-0125-1272', 9, 1, ''),
('1-1730-0481', 9, 1, ''),
('2-0798-0549', 9, 1, ''),
('2-0786-0925', 9, 1, ''),
('1-1737-0240', 9, 1, ''),
('4-0245-0570', 9, 1, ''),
('2-0801-0189', 9, 1, ''),
('2-0801-0707', 9, 1, ''),
('2-0792-0407', 9, 1, ''),
('3-0514-0301', 9, 1, ''),
('4-0243-0857', 9, 1, ''),
('2-0787-0892', 9, 1, ''),
('4-0244-0639', 9, 1, ''),
('2-0796-0079', 9, 1, ''),
('2-0775-0857', 9, 1, ''),
('1-1736-0512', 9, 1, ''),
('4-0244-0753', 9, 1, ''),
('2-0791-0893', 9, 1, ''),
('1-1730-0377', 9, 1, ''),
('2-0787-0294', 9, 1, ''),
('2-0789-0402', 9, 2, ''),
('2-0793-0607', 9, 2, ''),
('2-0794-0685', 9, 2, ''),
('4-0243-0050', 9, 2, ''),
('2-0783-0004', 9, 2, ''),
('2-0793-0169', 9, 2, ''),
('2-0786-0407', 9, 2, ''),
('2-0793-0157', 9, 2, ''),
('3-0516-0058', 9, 2, ''),
('0002001009725120199', 9, 2, ''),
('0002001009728120696', 9, 2, ''),
('4-0242-0500', 9, 2, ''),
('4-0243-0408', 9, 2, ''),
('4-0242-0969', 9, 2, ''),
('1-1743-0375', 9, 2, ''),
('2-0788-0382', 9, 2, ''),
('2-0798-0435', 9, 2, ''),
('2-0790-0894', 9, 2, ''),
('4-0243-0839', 9, 2, ''),
('Mala-01', 9, 2, ''),
('2-0776-0243', 9, 2, ''),
('4-0244-0527', 9, 2, ''),
('4-0244-0307', 9, 2, ''),
('1-1740-0470', 9, 2, ''),
('2-0755-0071', 9, 2, ''),
('2-0797-0539', 9, 2, ''),
('2-0749-0045', 9, 2, ''),
('4-0241-0924', 9, 2, ''),
('2-0796-0834', 9, 2, ''),
('1-1738-0931', 9, 3, ''),
('4-0241-0496', 9, 3, ''),
('2-0783-0702', 9, 3, ''),
('4-0241-0158', 9, 3, ''),
('2-0793-0165', 9, 3, ''),
('2-0794-0460', 9, 3, ''),
('2-0773-0417', 9, 3, ''),
('9-0122-0981', 9, 3, ''),
('2-0790-0606', 9, 3, ''),
('4-0241-0059', 9, 3, ''),
('2-0798-0981', 9, 3, ''),
('2-0797-0540', 9, 3, ''),
('2-0799-0351', 9, 3, ''),
('2-0792-0403', 9, 3, ''),
('1-1741-0805', 9, 3, ''),
('2-0798-0329', 9, 3, ''),
('2-0787-0367', 9, 3, ''),
('4-0243-0516', 9, 3, ''),
('2-0787-0009', 9, 3, ''),
('4-0242-0583', 9, 3, ''),
('4-0245-0025', 9, 3, ''),
('4-0243-0289', 9, 3, ''),
('2-0791-0297', 9, 3, ''),
('2-0792-0498', 9, 3, ''),
('4-0239-0778', 9, 3, ''),
('4-0241-0556', 9, 3, ''),
('4-0241-0389', 9, 3, ''),
('4-0242-0493', 9, 3, ''),
('4-0242-0755', 9, 3, ''),
('1-1756-0066', 9, 3, ''),
('1-1708-0348', 9, 3, ''),
('9-0127-0457', 9, 3, ''),
('4-0244-0448', 9, 4, ''),
('2-0752-0261', 9, 4, ''),
('2-0794-0288', 9, 4, ''),
('1-1756-0816', 9, 4, ''),
('2-0777-0788', 9, 4, ''),
('2-0785-0819', 9, 4, ''),
('1-0172-0527', 9, 4, ''),
('2-0787-0012', 9, 4, ''),
('2-0793-0638', 9, 4, ''),
('2-0789-0890', 9, 4, ''),
('2-0782-0599', 9, 4, ''),
('1-1729-0813', 9, 4, ''),
('2-0783-0705', 9, 4, ''),
('2-0771-0357', 9, 4, ''),
('1-1747-0213', 9, 4, ''),
('1-1719-0394', 9, 4, ''),
('1-1696-0177', 9, 4, ''),
('2-0796-0136', 9, 4, ''),
('2-0791-0277', 9, 4, ''),
('2-0787-0269', 9, 4, ''),
('2-0798-0438', 9, 4, ''),
('1-1739-0202', 9, 4, ''),
('2-0766-0725', 9, 4, ''),
('1-1723-0101', 9, 4, ''),
('2-0780-0698', 9, 4, ''),
('1-1728-0995', 9, 4, ''),
('1-1752-0907', 9, 4, ''),
('1-1747-0654', 9, 4, ''),
('1-1716-0267', 10, 1, ''),
('2-0765-0619', 10, 1, ''),
('4-0237-0660', 10, 1, ''),
('NIC-CRI-01-124501112', 10, 1, ''),
('2-0774-0631', 10, 1, ''),
('2-0781-0304', 10, 1, ''),
('2-0760-0492', 10, 1, ''),
('2-0782-0063', 10, 1, ''),
('2-0781-0347', 10, 1, ''),
('2-0776-0922', 10, 1, ''),
('2-0754-0017', 10, 1, ''),
('2-0776-0252', 10, 1, ''),
('2-0774-0238', 10, 1, ''),
('2-0769-0509', 10, 1, ''),
('2-0781-0786', 10, 1, ''),
('1-1703-0745', 10, 1, ''),
('2-0830-0232', 10, 1, ''),
('2-0774-0966', 10, 1, ''),
('1-1721-0438', 10, 1, ''),
('2-0764-0387', 10, 1, ''),
('4-0239-0604', 10, 1, ''),
('2-0774-0299', 10, 1, ''),
('1-1659-0751', 10, 1, ''),
('Mala02', 10, 1, ''),
('1-1693-0088', 10, 1, ''),
('2-0769-0668', 10, 1, ''),
('1-1717-0987', 10, 1, ''),
('2-0782-0449', 10, 1, ''),
('1-1694-0766', 10, 1, ''),
('1-1705-0953', 10, 1, ''),
('4-0229-0076', 10, 1, ''),
('2-0822-0802', 10, 1, ''),
('2-0769-0516', 10, 1, ''),
('2-0765-0097', 10, 1, ''),
('2-0786-0656', 10, 1, ''),
('2-0785-0645', 10, 2, ''),
('4-0237-0169', 10, 2, ''),
('1-1708-0931', 10, 2, ''),
('2-0781-0482', 10, 2, ''),
('C0823255', 10, 2, ''),
('2-0765-0805', 10, 2, ''),
('4-0240-0798', 10, 2, ''),
('4-0240-0733', 10, 2, ''),
('2-0775-0918', 10, 2, ''),
('2-0782-0008', 10, 2, ''),
('2-0781-0309', 10, 2, ''),
('2-0769-0538', 10, 2, ''),
('6-0443-0966', 10, 2, ''),
('2-0783-0324', 10, 2, ''),
('2-0784-0236', 10, 2, ''),
('1-1666-0424', 10, 2, ''),
('4-0236-0982', 10, 2, ''),
('155807312112', 10, 2, ''),
('2-0782-0357', 10, 2, ''),
('1-1721-0040', 10, 2, ''),
('Mala03', 10, 2, ''),
('1-1703-0044', 10, 2, ''),
('4-0237-0759', 10, 2, ''),
('504180016', 10, 2, ''),
('6-0448-0839', 10, 2, ''),
('7-0260-0645', 10, 2, ''),
('2-0762-0914', 10, 2, ''),
('2-0762-0578', 10, 2, ''),
('4-0239-0547', 10, 2, ''),
('207650478', 10, 2, ''),
('1-1702-0183', 10, 2, ''),
('2-0776-0267', 10, 2, ''),
('2-0774-0289', 10, 3, ''),
('2-0739-0825', 10, 3, ''),
('2-0785-0775', 10, 3, ''),
('2-734-780', 10, 3, ''),
('4-0235-0168', 10, 3, ''),
('2-0773-0588', 10, 3, ''),
('2-0780-0123', 10, 3, ''),
('1-1709-0030', 10, 3, ''),
('2-0763-0393', 10, 3, ''),
('2-0771-0352', 10, 3, ''),
('2-0756-0712', 10, 3, ''),
('2-0074-0412', 10, 3, ''),
('2-0775-0177', 10, 3, ''),
('2-0783-0498', 10, 3, ''),
('3-0502-0691', 10, 3, ''),
('2-0782-0941', 10, 3, ''),
('2-0767-0861', 11, 1, ''),
('3-0504-0865', 11, 1, ''),
('2-0746-0616', 11, 1, ''),
('1-1245-1112', 11, 1, ''),
('2-0755-0172', 11, 1, ''),
('5-0414-0239', 11, 1, ''),
('C01102721', 11, 1, ''),
('2-0767-0993', 11, 1, ''),
('2-0746-0693', 11, 1, ''),
('2-0761-0275', 11, 1, ''),
('2-0761-0274', 11, 1, ''),
('2-0763-0083', 11, 1, ''),
('4-0232-0419', 11, 1, ''),
('4-0236-0765', 11, 1, ''),
('2-0760-0221', 11, 1, ''),
('4-0233-0036', 11, 1, ''),
('4-0234-0219', 11, 1, ''),
('4-0223-0540', 11, 1, ''),
('2-0764-0685', 11, 1, ''),
('2-0747-0595', 11, 1, ''),
('2-0761-0081', 11, 1, ''),
('2-0761-0534', 11, 1, ''),
('2-0760-0726', 11, 1, ''),
('4-0229-0163', 11, 1, ''),
('4-0233-0432', 11, 1, ''),
('2-0763-0193', 11, 1, ''),
('2-0763-0079', 11, 1, ''),
('4-0234-0797', 11, 1, ''),
('4-0231-0946', 11, 1, ''),
('2-0760-0875', 11, 1, ''),
('2-0759-0434', 11, 1, ''),
('4-0233-0084', 11, 1, ''),
('1-1683-0484', 11, 1, ''),
('1-1660-0378', 11, 1, ''),
('1-1666-0880', 11, 1, ''),
('117001438631', 11, 1, ''),
('2-0770-0897', 11, 1, ''),
('4-0234-0719', 11, 1, ''),
('1-1662-0142', 11, 1, ''),
('4-0230-0719', 11, 1, ''),
('1-1663-0445', 11, 2, ''),
('4-0235-0998', 11, 2, ''),
('402230523', 11, 2, ''),
('402350849', 11, 2, ''),
('4-0235-0385', 11, 2, ''),
('4-0233-0238', 11, 2, ''),
('9-0124-0741', 11, 2, ''),
('2-0756-0466', 11, 2, ''),
('2-0768-0797', 11, 2, ''),
('1-1643-0922', 11, 2, ''),
('1-1674-0061', 11, 2, ''),
('4-0231-0566', 11, 2, ''),
('2-0773-0053', 11, 2, ''),
('4-0233-0935', 11, 2, ''),
('2-0758-0635', 11, 2, ''),
('2-0766-0240', 11, 2, ''),
('1-1665-0877', 11, 2, ''),
('01265044', 11, 2, ''),
('2-0737-0129', 11, 2, ''),
('2-0762-0380', 11, 2, ''),
('2-0764-0027', 11, 2, ''),
('4-0235-0062', 11, 2, ''),
('155801531623', 11, 2, ''),
('2-0767-0673', 11, 2, ''),
('2-0763-0892', 11, 2, ''),
('1-1663-0997', 11, 3, ''),
('2-0769-0994', 11, 3, ''),
('2-0754-0414', 11, 3, ''),
('2-0759-0750', 11, 3, ''),
('2-0759-0139', 11, 3, ''),
('2-0768-0911', 11, 3, ''),
('2-0767-0183', 11, 3, ''),
('2-0759-0416', 11, 3, ''),
('2-0758-0492', 11, 3, ''),
('207490076', 11, 3, ''),
('2-0759-0960', 11, 3, ''),
('2-0767-0658', 11, 3, ''),
('2-0751-0194', 11, 3, ''),
('3-0496-0303', 11, 3, ''),
('1-1591-0040', 11, 3, ''),
('2-0775-0203', 11, 3, ''),
('1-1666-0892', 11, 3, ''),
('2-0769-0684', 11, 3, ''),
('2-0756-0312', 11, 3, ''),
('1-1595-0987', 11, 3, ''),
('2-0742-0640', 11, 3, ''),
('4-0235-0042', 11, 3, ''),
('2-0769-0527', 11, 3, ''),
('2-0764-0205', 11, 3, ''),
('2-0768-0040', 11, 3, ''),
('5-0415-0458', 11, 3, ''),
('2-0770-0580', 11, 3, ''),
('2-0751-0152', 12, 1, ''),
('2-0758-0495', 12, 1, ''),
('2-0748-0648', 12, 1, ''),
('4-0232-0520', 12, 1, ''),
('2-0755-0518', 12, 1, ''),
('0127281113', 12, 1, ''),
('01265081013', 12, 1, ''),
('2-0751-0793', 12, 1, ''),
('2-0745-0484', 12, 1, ''),
('2-0746-0984', 12, 1, ''),
('4-0232-0282', 12, 1, ''),
('4-0230-0994', 12, 1, ''),
('2-0757-0535', 12, 1, ''),
('2-0752-0368', 12, 1, ''),
('2-0754-0375', 12, 1, ''),
('2-0752-0650', 12, 1, ''),
('2-0752-0419', 12, 1, ''),
('1-1653-0823', 12, 1, ''),
('2-0753-0044', 12, 1, ''),
('2-0755-0206', 12, 1, ''),
('4-0232-0749', 12, 1, ''),
('4-0229-0438', 12, 1, ''),
('1-1641-0984', 12, 1, ''),
('4-0230-0515', 12, 1, ''),
('4-0229-0651', 12, 1, ''),
('4-0230-0940', 12, 1, ''),
('2-0756-0495', 12, 1, ''),
('1-1633-0064', 12, 1, ''),
('1-1603-0968', 12, 2, ''),
('2-0759-0240', 12, 2, ''),
('2-0749-0279', 12, 2, ''),
('2-0751-0783', 12, 2, ''),
('4-0229-0612', 12, 2, ''),
('2-0756-0464', 12, 2, ''),
('4-0232-0278', 12, 2, ''),
('4-0233-0001', 12, 2, ''),
('2-0758-0485', 12, 2, ''),
('4-0229-0580', 12, 2, ''),
('1-1647-0347', 12, 2, ''),
('2-0747-0029', 12, 2, ''),
('2-0759-0184', 12, 2, ''),
('4-0229-0938', 12, 2, ''),
('1-1627-0967', 12, 2, ''),
('1-1626-0380', 12, 2, ''),
('4-0229-0676', 12, 2, ''),
('43', 12, 2, ''),
('44', 12, 2, ''),
('2-0751-0426', 12, 2, ''),
('2-0711-0967', 12, 2, ''),
('1558151219', 12, 2, ''),
('2-0756-0748', 12, 2, ''),
('4-0224-0792', 12, 2, ''),
('1-1628-0717', 12, 2, ''),
('4-0230-0309', 12, 2, ''),
('4-0229-0636', 12, 2, ''),
('2-0735-0649', 12, 2, ''),
('1-1612-0946', 12, 2, ''),
('2-0742-0418', 12, 2, ''),
('2-0747-0101', 12, 3, ''),
('2-0754-0367', 12, 3, ''),
('2-0760-0640', 12, 3, ''),
('207490784', 12, 3, ''),
('1-1641-0974', 12, 3, ''),
('2-0753-0800', 12, 3, ''),
('2-0759-0550', 12, 3, ''),
('155814284626', 12, 3, ''),
('2-0759-0233', 12, 3, ''),
('2-0756-0846', 12, 3, ''),
('2-0746-0391', 12, 3, ''),
('2-0748-0279', 12, 3, ''),
('2-0750-0269', 12, 3, ''),
('2-0747-0152', 12, 3, ''),
('2-0755-0075', 12, 3, ''),
('4-0232-0550', 12, 3, ''),
('2-0747-0866', 12, 3, ''),
('1-1632-0947', 12, 3, ''),
('4-0228-0239', 12, 3, ''),
('1-1623-0056', 12, 3, ''),
('4-0230-0404', 12, 3, ''),
('4-0232-0020', 12, 3, ''),
('1-1637-0674', 12, 3, ''),
('4-0231-0611', 12, 3, ''),
('2-0754-0374', 12, 3, ''),
('2-0746-0995', 12, 3, ''),
('2-0740-0057', 12, 3, ''),
('4-0232-0327', 12, 3, ''),
('4-0231-0854', 12, 3, ''),
('2-0758-0438', 12, 3, ''),
('1-1657-0325', 12, 3, ''),
('2-0747-0133', 12, 3, ''),
('2-0742-0118', 12, 3, ''),
('2014', 7, 1, ''),
('2014', 7, 1, '');

-- --------------------------------------------------------

--
-- Estructura de tabla para la tabla `grupos_docente`
--

CREATE TABLE IF NOT EXISTS `grupos_docente` (
  `ced_docente` varchar(20) COLLATE utf8_spanish_ci NOT NULL,
  `nivel` int(2) NOT NULL,
  `grupo` int(2) NOT NULL,
  `subgrupo` varchar(1) COLLATE utf8_spanish_ci NOT NULL
) ENGINE=MyISAM DEFAULT CHARSET=utf8 COLLATE=utf8_spanish_ci;

--
-- Volcado de datos para la tabla `grupos_docente`
--

INSERT INTO `grupos_docente` (`ced_docente`, `nivel`, `grupo`, `subgrupo`) VALUES
('6-0324-0688', 12, 1, ''),
('6-0324-0688', 12, 2, ''),
('6-0324-0688', 12, 3, ''),
('2-0460-0069', 7, 1, ''),
('2-0460-0069', 7, 6, ''),
('2-0460-0069', 7, 2, ''),
('2-0460-0069', 7, 3, ''),
('2-0460-0069', 7, 5, ''),
('2-0460-0069', 7, 4, ''),
('2-0460-0069', 10, 1, ''),
('2-0460-0069', 10, 2, ''),
('2-0460-0069', 10, 3, ''),
('2-0460-0069', 10, 4, ''),
('6-0324-0688', 7, 1, ''),
('6-0324-0688', 7, 2, ''),
('6-0324-0688', 7, 3, ''),
('6-0324-0688', 7, 4, ''),
('6-0324-0688', 7, 5, ''),
('6-0324-0688', 7, 6, ''),
('6-0324-0688', 8, 1, ''),
('6-0324-0688', 8, 2, ''),
('6-0324-0688', 8, 3, ''),
('6-0324-0688', 8, 4, ''),
('6-0324-0688', 9, 1, ''),
('6-0324-0688', 9, 2, ''),
('6-0324-0688', 9, 3, ''),
('6-0324-0688', 9, 4, ''),
('6-0324-0688', 10, 1, ''),
('6-0324-0688', 10, 2, ''),
('6-0324-0688', 10, 3, ''),
('6-0324-0688', 10, 4, ''),
('6-0324-0688', 11, 1, ''),
('6-0324-0688', 11, 2, ''),
('6-0324-0688', 11, 3, '');

-- --------------------------------------------------------

--
-- Estructura de tabla para la tabla `imagen`
--

CREATE TABLE IF NOT EXISTS `imagen` (
`codigo` int(11) NOT NULL,
  `nombre` varchar(30) COLLATE utf8_spanish_ci NOT NULL,
  `tipo` varchar(30) COLLATE utf8_spanish_ci NOT NULL,
  `tamano` varchar(11) COLLATE utf8_spanish_ci NOT NULL,
  `contenido` mediumblob NOT NULL
) ENGINE=MyISAM  DEFAULT CHARSET=utf8 COLLATE=utf8_spanish_ci AUTO_INCREMENT=109 ;

--
-- Volcado de datos para la tabla `imagen`
--

INSERT INTO `imagen` (`codigo`, `nombre`, `tipo`, `tamano`, `contenido`) VALUES
(44, 'boton_editar.png', 'image/x-png', '608', 0x89504e470d0a1a0a0000000d49484452000000320000001608020000000d6058c6000000017352474200aece1ce90000000467414d410000b18f0bfc6105000000097048597300000ec300000ec301c76fa864000001f549444154484bcd97cd6ac2401485e79522a4af92ba497d04372244c48d6d6d3622ee24ee6d7d0251dc578aa5a514a974232e445b6aebcf42bbe899cc2493cc04d155e7aceedc7bee9dcf99200929954af57a3d9fcf6735103000032472e3bab55a6d369bfd6a20600006482497cbcde7f3dd6ef7a38180011820115c1d8e4903248e00182051acfd7effad8d0023b096b2da19a22ad3567ccb259c67d74314c220c1747c2a86f525eb2e43ccaba1924e48a8cee37b13c6092c3c689fb26e2f8879f9a0a41312aaf3f8de847180e19788e84356cb266679a0a479625036832bb6edc0c95ac292df1e31a2c16eb17eeab46d8c0812917d62580b59e8546496ef7d1badd92dde4117ace063c9813046da448fb2ef42606db7db7759cd344915fb4a9a26a452b85483787bbf9822e966c284980d30fc124fc312d3d9b8c358d41dd189586359de39310a3d254d1352295c2606e4dc0b86f40a065f1d183e8e9dd69b2ccf02565749fb09d488e5b11a8db9336c5103eaec828ab71d1a2eb0369bcd4856836ea7c86a305fc7c116be0cc7c10f703a48a28505bc4acd9131866519840d089dcab6a31160f8b385e8551b09acf57afda28d00c34f0bd1b3361258abd5ea491b01869e16deb9269309fefd1f35103000435f035dd7ad56abd3e91498ff2e6000064804eff3954a05801a7c616481011820fd015894a8cf3179b8c30000000049454e44ae426082),
(45, 'boton_eliminar.png', 'image/x-png', '627', 0x89504e470d0a1a0a0000000d49484452000000470000001608020000001d00161a000000017352474200aece1ce90000000467414d410000b18f0bfc6105000000097048597300000ec300000ec301c76fa86400000208494441545847dd98cf4a025114c6ef2b4d30bdcae866f211dc8890481b2b9b8d883b19f7964f1045fb228a22228a36e242ace88f7f16daa2ef3ad7b9f73ad7931242331f08e7cef9ce3de7c7dc4147b63355ad56cbe7f3d9980b0800010ec3e7c0f3aad56ab7dbfd8eb9800010e070aa5c2ed7ebf5c6e3f157cc050480008753e1dce126c59c488c0f10e008aac964f299080144a3faa0d4cab0a8322d5e82d4e6fe951a903b6925bf3a5736cc53bd533aca307befcae82052e496eb496a5478cede281d6e317bf7d2e82052e496eb4902449e402c5e29355d66972e8c8e30a507253738b2bc0c9930e67b2c76061d2e4ab672dedd66709557b92e32b30ba671e6a95e28cde6521f2ebb74ce4ba623f2480d786b9e3c9fce27e3205ae40cb3a24278c58acf207a2e1e55a31a8d46cf941a69b6513c333ac25434805f2d5cdea9343a2b6eb074835f2066907e80c813f8cfa8388aa23f503d51f253cc2a9c1a1d612a1ac0af162ee9848da5fc59afd3822556c40c72b0f97bf548c9774075627484a96800bf5ab8a453eb750228e6f8bc3331831c4ca31a0e870f94ea8ee15b983975d420656d1f1b03f5e22a4ea59be53856d04736a20605887caeb0b84f8434aac1607097080144de2b2c6e13218daadfefdf24420011f70aaf59ed761bbf3fae632e200044bc357a9e57a9543a9d0e40632d20000438fcad112a97cb408cf99f3159200004383feaf6e1eccdbc577f0000000049454e44ae426082);

-- --------------------------------------------------------

--
-- Estructura de tabla para la tabla `matricula`
--

CREATE TABLE IF NOT EXISTS `matricula` (
  `ced_estudiante` varchar(20) COLLATE utf8_spanish_ci NOT NULL,
  `ced_docente` varchar(20) COLLATE utf8_spanish_ci NOT NULL,
  `cod_asignatura` int(2) NOT NULL,
  `cod_examen` int(3) NOT NULL
) ENGINE=MyISAM DEFAULT CHARSET=utf8 COLLATE=utf8_spanish_ci;

-- --------------------------------------------------------

--
-- Estructura de tabla para la tabla `persona`
--

CREATE TABLE IF NOT EXISTS `persona` (
  `cedula` varchar(20) COLLATE utf8_spanish_ci NOT NULL,
  `tipo` varchar(11) COLLATE utf8_spanish_ci NOT NULL,
  `nombre` varchar(30) COLLATE utf8_spanish_ci NOT NULL,
  `apellido1` varchar(30) COLLATE utf8_spanish_ci NOT NULL,
  `apellido2` varchar(30) COLLATE utf8_spanish_ci NOT NULL,
  `password` varchar(64) COLLATE utf8_spanish_ci NOT NULL
) ENGINE=MyISAM DEFAULT CHARSET=utf8 COLLATE=utf8_spanish_ci;

--
-- Volcado de datos para la tabla `persona`
--

INSERT INTO `persona` (`cedula`, `tipo`, `nombre`, `apellido1`, `apellido2`, `password`) VALUES
('6-0324-0688', 'docente', 'Esteban', 'Quesada', 'Silva', '1727ff206dce82318c7e8dff7ee8386fb79ce76731c0536b8ea262acadf427ef'),
('2-0460-0069', 'docente', 'Oscar Roberto', 'Marin', 'González', 'cd981be10e920b9510fd3b8662c83f03d03cfe6f0224ca9630c13370cdf1a416'),
('4-0234-0719', 'estudiante', 'JEFERSON GERARDO', 'OVIEDO', 'CARBALLO', ''),
('2-0770-0897', 'estudiante', 'BRAYAN MARTIN', 'SANCHEZ', 'GOMEZ', ''),
('1-1662-0142', 'estudiante', 'MANUEL ALEJANDRO', 'SOTO', 'ROJAS', ''),
('2014', 'estudiante', 'Juan', 'Perez', 'Perez', ''),
('4-0230-0719', 'estudiante', 'MARIO ENRIQUE', 'VENEGAS', 'NAVARRO', ''),
('117001438631', 'estudiante', 'NIRVAN CAMILO', 'RIOS', 'LEON', ''),
('1-1666-0880', 'estudiante', 'ALEXANDER JOSUE', 'OCAMPO', 'SOLANO', ''),
('1-1660-0378', 'estudiante', 'STEPHANIE REBECA', 'MOSCOA', 'LEON', ''),
('1-1683-0484', 'estudiante', 'GRETHEL DE LOS ANGELES', 'MATARRITA', 'MORALES', ''),
('4-0233-0084', 'estudiante', 'GEOVANNY DE JESUS', 'GONZALEZ', 'SIBAJA', ''),
('2-0759-0434', 'estudiante', 'SEBASTIAN ', 'BONILLA', 'ALVARADO', ''),
('2-0760-0875', 'estudiante', 'STEPHANIE MARIA', 'AGUILERA', 'SANCHEZ', ''),
('4-0231-0946', 'estudiante', 'LUIS DIEGO', 'AGUILAR', 'CALDERON', ''),
('4-0234-0797', 'estudiante', 'KAREN TATIANA', 'VILLALOBOS', 'MUNOZ', ''),
('2-0763-0079', 'estudiante', 'PAMELA VIVIANA', 'SOTO', 'CARVAJAL', ''),
('2-0763-0193', 'estudiante', 'MELANY JOHANA', 'SOTO', 'CARVAJAL', ''),
('4-0233-0432', 'estudiante', 'ADRIANA MARIA', 'RODRIGUEZ', 'RODRIGUEZ', ''),
('4-0229-0163', 'estudiante', 'SHARON FABIOLA', 'PEREZ', 'RAMOS', ''),
('2-0760-0726', 'estudiante', 'YELITZA MARIA', 'MORALES', 'ROSALES', ''),
('2-0761-0534', 'estudiante', 'JARNIEL DAVID', 'MONTERO', 'CHACON', ''),
('2-0761-0081', 'estudiante', 'KAROLAYN ', 'MEJIAS', 'ARAYA', ''),
('2-0747-0595', 'estudiante', 'MARIA JOSE', 'MARTINEZ', 'CAMPOS', ''),
('2-0764-0685', 'estudiante', 'TATIANA MARIA', 'GUTIERREZ', 'CARVAJAL', ''),
('4-0233-0036', 'estudiante', 'JESUS ESTEBAN', 'CARVAJAL', 'VARGAS', ''),
('4-0234-0219', 'estudiante', 'ANDREY FRANCISCO', 'FONSECA', 'OVIEDO', ''),
('4-0223-0540', 'estudiante', 'BRYAN ANTONIO', 'GUEVARA', 'VILLALOBOS', ''),
('2-0760-0221', 'estudiante', 'BRANDON ARTURO', 'AGUERO', 'DELGADO', ''),
('2-0761-0274', 'estudiante', 'JUAN PABLO', 'PANIAGUA', 'HERRERA', ''),
('2-0763-0083', 'estudiante', 'KEYLIN DAYANA', 'SALAZAR', 'ARTAVIA', ''),
('4-0232-0419', 'estudiante', 'JESSICA ', 'SANABRIA', 'VARGAS', ''),
('4-0236-0765', 'estudiante', 'QUIRLESSA DE JESUS', 'SEGURA', 'SANCHEZ', ''),
('1-1814-0692', 'estudiante', 'TIKI MATIAS', 'LEZCANO', 'SOLANO', ''),
('1-1819-0717', 'estudiante', 'FIORELLA ANGELES', 'LOAIZA', 'AGUILAR', ''),
('2-0819-0766', 'estudiante', 'YANSY YERGINIA', 'LOPEZ', 'LEAL', ''),
('2-0822-0572', 'estudiante', 'MELANY TAMARA', 'PICADO', 'ARTAVIA', ''),
('2-0794-0242', 'estudiante', 'BRIANCE JOEL', 'QUIROS', 'HERRERA', ''),
('2-0808-0765', 'estudiante', 'NAOMY FRANCHESCA', 'QUIROS', 'HERRERA', ''),
('2-0814-0318', 'estudiante', 'CRISTHOFER DANIEL', 'RUIZ', 'QUIROS', ''),
('2-0806-0709', 'estudiante', 'MARY PAZ', 'RUIZ', 'ZELEDON', ''),
('2-0810-0537', 'estudiante', 'KAREN ', 'SABORIO', 'BONILLA', ''),
('2-0818-0977', 'estudiante', 'CRISTIAN JOSUE', 'ULLOA', 'MEZA', ''),
('2-0767-0861', 'estudiante', 'KATHERINE ', 'ALFARO', 'CHAVES', ''),
('3-0504-0865', 'estudiante', 'PAMELA DAHIANA', 'CAMPOS', 'MONTOYA', ''),
('2-0746-0616', 'estudiante', 'DAVID ', 'CESPEDES', 'MORA', ''),
('1-1245-1112', 'estudiante', 'DIANA ', 'DAVILA', 'TORRES', ''),
('2-0755-0172', 'estudiante', 'BRYAN SCOTT', 'ESQUIVEL', 'CASTRO', ''),
('5-0414-0239', 'estudiante', 'KAROLYN DE LOS ANGELES', 'GONZALEZ', 'CASTILLO', ''),
('C01102721', 'estudiante', 'DELMER JOSE', 'JARQUIN', 'DURAN', ''),
('2-0767-0993', 'estudiante', 'DANIELA ', 'JIMENEZ', 'CASTRO', ''),
('2-0746-0693', 'estudiante', 'FEDERICO ', 'LEON', 'CHAVES', ''),
('2-0761-0275', 'estudiante', 'JESUS ROBERTO', 'PANIAGUA', 'HERRERA', ''),
('8', 'estudiante', 'YENERI ', 'FONT', 'CABRERA', ''),
('2-0823-0081', 'estudiante', 'GENESIS NAOMY', 'GUERRERO', 'ROJAS', ''),
('2-0792-0852', 'estudiante', 'MARIA JOSE', 'GUERRERO', 'MONGE', ''),
('co1323637', 'estudiante', 'NAYELIS ', 'JARQUIN', 'MARTINEZ', ''),
('2-08180805', 'estudiante', 'VALERIA ', 'AGUERO', 'FERNANDEZ', ''),
('2-0805-0360', 'estudiante', 'LINDSAY FIORELLA', 'RODRIGUEZ', 'VALVERDE', ''),
('4-0249-0062', 'estudiante', 'GLORIANA MARIA', 'SANCHEZ', 'OVIEDO', ''),
('7-0280-0139', 'estudiante', 'DARLING YEREKSY', 'SOLANO', 'MENDOZA', ''),
('3-0516-0321', 'estudiante', 'ANAYANCI ', 'VILLAGRA', 'ARGUELLO', ''),
('4-0247-0974', 'estudiante', 'BRANDON JOSUE', 'VIVAS', 'JIRON', ''),
('2-0804-0541', 'estudiante', 'MARIANGEL ', 'ALFARO', 'SANCHEZ', ''),
('4-0245-0453', 'estudiante', 'AXEL JOSUE', 'CAMACHO', 'MEJIA', ''),
('2-0810-0990', 'estudiante', 'AILYN SOFIA', 'CORELLA', 'LE MAITRE', ''),
('2-0804-0935', 'estudiante', 'BYRON DANIEL', 'DURAN', 'RODRIGUEZ', ''),
('1-1788-0267', 'estudiante', 'HAZEL ALEXANDRA', 'FLORES', 'LOPEZ', ''),
('2-0811-0430', 'estudiante', 'DAMARIS DEL CARMEN', 'GARCIA', 'RODRIGUEZ', ''),
('4-0248-0185', 'estudiante', 'STEVEN GERARDO', 'GONZALEZ', 'SIBAJA', ''),
('2-0807-0876', 'estudiante', 'JUAN MANUEL', 'MURILLO', 'CARVAJAL', ''),
('1-1769-0688', 'estudiante', 'MARIANGELA ', 'PEREZ', 'FALLAS', ''),
('4-0248-0978', 'estudiante', 'VALERY ALEJANDRA', 'RAMIREZ', 'MARIN', ''),
('4-0249-0297', 'estudiante', 'ANDRES OVIDIO', 'RODRIGUEZ', 'CORTES', ''),
('1-1786-0448', 'estudiante', 'GEOVANNY ', 'ROJAS', 'ARIAS', ''),
('2-0792-0113', 'estudiante', 'FRENESI RAKCELLA', 'ROJAS', 'PEREZ', ''),
('9-0129-0724', 'estudiante', 'ELIU ALBERTO', 'SOTO', 'MERCADO', ''),
('2-0810-0598', 'estudiante', 'JOSE ARMANDO', 'VILLALOBOS', 'RODRIGUEZ', ''),
('2-0774-0271', 'estudiante', 'MARCONI ', 'SOLERA', 'VARGAS', ''),
('4-0248-0035', 'estudiante', 'KEVIN STIVEN', 'ZUMBADO', 'CRUZ', ''),
('2-0791-0038', 'estudiante', 'JOSUA ', 'SOTO', 'CAMPOS', ''),
('1-1773-0755', 'estudiante', 'KAREN PAOLA', 'ALVARADO', 'TORRES', ''),
('2-0783-0229', 'estudiante', 'HAZEL MARIA', 'ALVAREZ', 'ABARCA', ''),
('4-0244-0869', 'estudiante', 'WENDY LORENA', 'ARLEY', 'SOLANO', ''),
('1-1773-0776', 'estudiante', 'ANTONY YANPOL', 'ARROYO', 'RUIZ', ''),
('2-0802-0343', 'estudiante', 'RECHEL DAYANA', 'CHAVARRIA', 'RODRIGUEZ', ''),
('1-1705-0841', 'estudiante', 'SARAY ', 'GOMEZ', 'LEITON', ''),
('1-1801-0022', 'estudiante', 'DAVID ALBERTO', 'GONZALEZ', 'GOMEZ', ''),
('C01102726', 'estudiante', 'ALEX ', 'JARQUIN', 'DURAN', ''),
('4-0239-0947', 'estudiante', 'LEIDY BARBIE', 'MESEN', 'MONTERO', ''),
('2-0803-0584', 'estudiante', 'NICOLE JOANNA', 'NUNEZ', 'LANDERO', ''),
('2-0812-0462', 'estudiante', 'KEMBLY YANISE', 'OBREGON', 'SANCHEZ', ''),
('2-0812-0117', 'estudiante', 'JESSICA ', 'ORTEGA', 'MEJIAS', ''),
('4-0248-0362', 'estudiante', 'ALEJANDRO GABRIEL', 'PAZ', 'ZEPEDA', ''),
('1-1789-0171', 'estudiante', 'NICOLE DAYANNA', 'RAMIREZ', 'VALVERDE', ''),
('1-1792-0468', 'estudiante', 'JEIMY MELANIA', 'RODRIGUEZ', 'VASQUEZ', ''),
('5-0435-0214', 'estudiante', 'ELVIA LIZZETH', 'SEGURA', 'VEGA', ''),
('01-139171112', 'estudiante', 'ERNESTO JOSUE', 'VIVAS', 'SUAREZ', ''),
('2-0808-0863', 'estudiante', 'ERICKA DANIELA', 'ALVAREZ', 'ARCE', ''),
('2-0800-0321', 'estudiante', 'ANGIE ROXANA', 'ACUNA', 'BARRIOS', ''),
('2-0786-0370', 'estudiante', 'WILLY ANDREY', 'AMPIE', 'MARTINEZ', ''),
('2-0801-0891', 'estudiante', 'CRISTOPHER DAVID', 'ARIAS', 'VASQUEZ', ''),
('2-0771-0028', 'estudiante', 'MICHAEL FRANCISCO', 'CHACON', 'VASQUEZ', ''),
('2-0793-0052', 'estudiante', 'AXEL DANIEL', 'CORTES', 'SEVILLA', ''),
('2-0796-0929', 'estudiante', 'JOCELYN PAMELA', 'DE LA O', 'MONGE', ''),
('1-1738-0127', 'estudiante', 'ALEXANDER ', 'HUERTAS', 'MACHADO', ''),
('4-0239-0395', 'estudiante', 'MELISSA FRANCINI', 'JIMENEZ', 'AVENDANO', ''),
('2-0808-0864', 'estudiante', 'JEFFRY DAVID', 'RODRIGUEZ', 'ALFARO', ''),
('2-0810-0140', 'estudiante', 'JOSE MARIO', 'RODRIGUEZ', 'DELGADO', ''),
('4-0250-0105', 'estudiante', 'JAIRO DE JESUS', 'SALAS', 'MUNOZ', ''),
('2-0809-0815', 'estudiante', 'GERALD ALBERTO', 'SEGURA', 'SEGURA', ''),
('3-0515-0441', 'estudiante', 'HEYLIN PRISCILLA', 'SOLANO', 'ARGUELLO', ''),
('1-1793-0384', 'estudiante', 'GERALD JOSSUE', 'VARGAS', 'PENARANDA', ''),
('1-1781-0274', 'estudiante', 'JOSEPH DANIEL', 'ZUNIGA', 'VILLALOBOS', ''),
('20', 'estudiante', 'MYRON ', 'CORELLA', 'ALVAREZ', ''),
('1-1779-0866', 'estudiante', 'JOSUE DAVID', 'ALVARADO', 'ARGUEDAS', ''),
('1-1734-0114', 'estudiante', 'ROY ALBERTO', 'BERROCAL', 'GAMBOA', ''),
('2-0785-0284', 'estudiante', 'KENNETH JOEL', 'CAMACHO', 'JIMENEZ', ''),
('5-0431-0230', 'estudiante', 'JEREMY ', 'CARDENAS', 'LOPEZ', ''),
('2-0806-0499', 'estudiante', 'BRIGGITH NICKOL', 'JARQUIN', 'CAMPOS', ''),
('2-0795-0089', 'estudiante', 'STEVEN GERARDO', 'LOBO', 'ALPIZAR', ''),
('2-0785-0777', 'estudiante', 'EYPRI NATALIA', 'LOPEZ', 'RODRIGUEZ', ''),
('2-0804-0726', 'estudiante', 'MICHELLE SOFIA', 'MEJIAS', 'ARAYA', ''),
('4-0245-0464', 'estudiante', 'AARON GUSTAVO', 'MONDRAGON', 'CASTILLO', ''),
('2-0808-0427', 'estudiante', 'JOHNSON FELIPE', 'MORENO', 'FIGUEROA', ''),
('2-0794-0776', 'estudiante', 'JOCELYN DAYAN', 'OVIEDO', 'ZUNIGA', ''),
('4-0247-0178', 'estudiante', 'GUILLERMO ANTONIO', 'PALMA', 'FERNANDEZ', ''),
('2-0782-0446', 'estudiante', 'JOSY ALEXANDER', 'PERALTA', 'ACEVEDO', ''),
('2-0787-0435', 'estudiante', 'KAREN DANIELA', 'PORRAS', 'RODRIGUEZ', ''),
('1-1746-0502', 'estudiante', 'CHRISTOPHER SANTIAGO', 'RODRIGUEZ', 'MARIN', ''),
('4-0245-0732', 'estudiante', 'DAVID JOSE', 'RUGAMA', 'GARCIA', ''),
('2-0806-0283', 'estudiante', 'MILAGRO SOFIA', 'SANCHEZ', 'CAMACHO', ''),
('2-0784-0093', 'estudiante', 'BRANDON JESUS', 'VARGAS', 'JIMENEZ', ''),
('7-0273-0761', 'estudiante', 'ARTURO JOSE', 'ALVAREZ', 'RODRIGUEZ', ''),
('1-1739-0918', 'estudiante', 'ALLAN ALBERTO', 'ARROYO', 'RODRIGUEZ', ''),
('2-0808-0359', 'estudiante', 'MELISSA PAOLA', 'CASTILLO', 'BADILLA', ''),
('2-0780-0851', 'estudiante', 'ANDRES ANTONIO', 'CERNA', 'RAMOS', ''),
('2-0782-0417', 'estudiante', 'EYMEE DANIELA', 'CESPEDES', 'ALVARADO', ''),
('4-0248-0907', 'estudiante', 'AARON DANIEL', 'CHAVES', 'SOLIS', ''),
('2-0799-0485', 'estudiante', 'ASHLY PAMELA', 'CORELLA', 'QUIROS', ''),
('1-1699-0738', 'estudiante', 'EVELYN TATIANA', 'FONT', 'CABRERA', ''),
('2-0789-0761', 'estudiante', 'JULIO CESAR', 'GAITAN', 'MORALES', ''),
('4-0249-0827', 'estudiante', 'SUGEY DANIELA', 'IBARRA', 'CARVAJAL', ''),
('2-0810-0254', 'estudiante', 'CRISTOPHER ARIEL', 'JIMENEZ', 'FIGUEROA', ''),
('1-1745-0289', 'estudiante', 'SERGIO ESTEBAN', 'LOPEZ', 'CERVANTES', ''),
('2-0795-0870', 'estudiante', 'JOCELYN ', 'RODRIGUEZ', 'MUNGRIO', ''),
('1-1754-0047', 'estudiante', 'ARIANA ', 'RODRIGUEZ', 'VIALES', ''),
('1-1681-0789', 'estudiante', 'STEVEN DAVID', 'SANCHEZ', 'MERLO', ''),
('2-0812-0453', 'estudiante', 'MERYLUS ', 'SEGURA', 'RODRIGUEZ', ''),
('2-0777-0319', 'estudiante', 'RENE ANTONIO', 'ZAPATA', 'ESPINOZA', ''),
('1-1810-0171', 'estudiante', 'JOSE ANTONIO', 'ACOSTA', 'ALVAREZ', ''),
('4-0253-0798', 'estudiante', 'KAREN FABIOLA', 'ALVAREZ', 'ALVARADO', ''),
('2-0819-0450', 'estudiante', 'AURY SOFIA', 'ALVAREZ', 'ESQUIVEL', ''),
('1-1754-0200', 'estudiante', 'JOED STEVEN', 'ALVAREZ', 'BADILLA', ''),
('1-1812-0174', 'estudiante', 'JORGE ARTURO', 'ARCE', 'PORRAS', ''),
('1-1807-0341', 'estudiante', 'MARIEL ', 'BRENES', 'MEJIAS', ''),
('2-0979-0032', 'estudiante', 'JOSE AUGUSTO', 'DAVILA', 'MARTINEZ', ''),
('2-0802-0542', 'estudiante', 'CINTHIA MARIELA', 'DURAN', 'AMADOR', ''),
('2-0817-0380', 'estudiante', 'CINDY FABIOLA', 'FALLAS', 'BLANDON', ''),
('2-0814-0448', 'estudiante', 'AURIA ZULAY', 'GONZALEZ', 'ALFARO', ''),
('1-1818-0876', 'estudiante', 'JOSE PABLO', 'GONZALEZ', 'QUIROS', ''),
('2-0804-0898', 'estudiante', 'ERIK OLIVIER', 'HERNANDEZ', 'ESPINOZA', ''),
('2-0791-0374', 'estudiante', 'ALEX FERNANDO', 'LOAIZA', 'CHAVARRIA', ''),
('1-1822-0101', 'estudiante', 'TONNY JOSUE', 'LOPEZ', 'CORRALES', ''),
('1-1816-0393', 'estudiante', 'KEILYN NICOLE', 'MORA', 'FALLAS', ''),
('7-0273-0800', 'estudiante', 'ANA MARIA', 'NEIRA', 'PINEDA', ''),
('2-0821-0990', 'estudiante', 'MARIA PAULA', 'UGALDE', 'BENAVIDES', ''),
('1-1809-0051', 'estudiante', 'NATHALY FRANCELLA', 'MORA', 'CRUZ', ''),
('1', 'estudiante', 'OSMAN DAVID', 'MORAGA', 'MORAGA', ''),
('2-0809-0937', 'estudiante', 'REICHEL JAZMIN', 'OVIEDO', 'ZUNIGA', ''),
('118070547', 'estudiante', 'SEBASTIAN JESUS', 'PENA', 'GOMEZ', ''),
('1-1807-0483', 'estudiante', 'ANTONIO JOSE', 'PEREZ', 'FALLAS', ''),
('4-0250-0519', 'estudiante', 'MARIA JOSE', 'PICADO', 'SEGURA', ''),
('2-0788-0684', 'estudiante', 'YACSURI GUISELLE', 'RAMIREZ', 'PERALTA', ''),
('117001438524', 'estudiante', 'JUAN NICOLAS', 'RIOS', 'LEON', ''),
('3-0528-0608', 'estudiante', 'JEANNETH DEL CARMEN', 'RODRIGUEZ', 'PEREZ', ''),
('1-1794-0712', 'estudiante', 'VICTOR MANUEL', 'ROJAS', 'CHACON', ''),
('4-0250-0997', 'estudiante', 'GAUDY NOEMY', 'SALGUERO', 'CAMACHO', ''),
('1-1835-0959', 'estudiante', 'JOSE GABRIEL', 'SANCHEZ', 'CAMACHO', ''),
('1-1835-0958', 'estudiante', 'LUIS DANIEL', 'SANCHEZ', 'CAMACHO', ''),
('1-1751-0715', 'estudiante', 'JORDI ', 'SIBAR', 'LOPEZ', ''),
('1-1751-0714', 'estudiante', 'JURGEN EDUARDO', 'SIBAR', 'LOPEZ', ''),
('2-0800-0399', 'estudiante', 'CRISTIAN ', 'SOLANO', 'RODRIGUEZ', ''),
('2-0819-0761', 'estudiante', 'JOHN ANDER', 'SOLORZANO', 'BONILLA', ''),
('2-0815-0557', 'estudiante', 'MAX ANDRES', 'ALFARO', 'ALVAREZ', ''),
('4-0245-0929', 'estudiante', 'FABIAN JOSE', 'ARAYA', 'DURAN', ''),
('1-1759-0648', 'estudiante', 'GERSON ', 'ARCE', 'MENDEZ', ''),
('2-0815-0910', 'estudiante', 'NATHAN CALEB', 'BARRIENTOS', 'CALVO', ''),
('2-816-523', 'estudiante', 'MARIO ALBERTO', 'CAMPOS', 'MONTOYA', ''),
('2-0807-0955', 'estudiante', 'MEILYN YAJAIRA', 'CERDAS', 'SOLORZANO', ''),
('2-0798-0747', 'estudiante', 'JEFFERSON MILET', 'FERNANDEZ', 'GONZALEZ', ''),
('2001013165131000', 'estudiante', 'ALEJANDRO JOSE', 'GONZALEZ', 'BORGE', ''),
('4-0251-0570', 'estudiante', 'CARLOS AARON', 'GUERRERO', 'CAMPOS', ''),
('2-0787-0074', 'estudiante', 'JOSE ANDRES', 'HERRERA', 'LOPEZ', ''),
('2-0809-0801', 'estudiante', 'WILLIAM ANDRES', 'LOPEZ', 'PICADO', ''),
('4-0246-0498', 'estudiante', 'ALLAN JOSE', 'MEJIA', 'ARAYA', ''),
('2-0813-0669', 'estudiante', 'ARLENI EDIXA', 'MORENO', 'PAO', ''),
('2', 'estudiante', 'YAXIRI ', 'NUNEZ', 'ARAYA', ''),
('2-0805-0479', 'estudiante', 'ANA CELIA', 'MENDEZ', 'ORTIZ', ''),
('1-1807-0836', 'estudiante', 'YENDRY VANESSA', 'PALACIOS', 'LOPEZ', ''),
('20806-0266', 'estudiante', 'JERRY JOSE', 'VELASQUEZ', 'PEREZ', ''),
('2-0818-0466', 'estudiante', 'YASMIN PAOLA', 'MONTERO', 'DALMAO', ''),
('4-0249-0880', 'estudiante', 'DEYLIN RAUL', 'PAHO', 'HERNANDEZ', ''),
('2-0815-0734', 'estudiante', 'JERSON ', 'PANIAGUA', 'GAMBOA', ''),
('2-0815-0735', 'estudiante', 'JONATHAN ', 'PANIAGUA', 'GAMBOA', ''),
('2-0816-0020', 'estudiante', 'BRAYAN STWART', 'PORRAS', 'MENDEZ', ''),
('2-0809-0230', 'estudiante', 'JOSEPH DAVID', 'QUESADA', 'BONILLA', ''),
('2-0820-0957', 'estudiante', 'ERROL ARIEL', 'QUESADA', 'SALAS', ''),
('4-0250-0189', 'estudiante', 'ALISSON PAMELA', 'RODRIGUEZ', 'ALVARADO', ''),
('2-0822-0583', 'estudiante', 'JOEL ANDRES', 'RODRIGUEZ', 'HERRERA', ''),
('2-0799-0355', 'estudiante', 'ALISON ', 'ROJAS', 'AGUILAR', ''),
('2-0812-0678', 'estudiante', 'DYLANA ', 'SABORIO', 'VALVERDE', ''),
('3', 'estudiante', 'JESSICA ', 'SOLANO', 'CHACON', ''),
('4-0247-0291', 'estudiante', 'ANTHONY EMANUEL', 'SOLANO', 'MONTOYA', ''),
('2-0809-0672', 'estudiante', 'GENESIS ', 'SOLERA', 'QUESADA', ''),
('2-0817-0125', 'estudiante', 'SIRLENY DE LOS ANGELES', 'UGALDE', 'SALAS', ''),
('2-0800-0770', 'estudiante', 'LUIS DAVID', 'VALVERDE', 'LOPEZ', ''),
('4-0251-0089', 'estudiante', 'BRAYAM EDUARDO', 'VARGAS', 'RODRIGUEZ', ''),
('2-0815-0689', 'estudiante', 'ANGIE PAOLA', 'VILLALOBOS', 'MEJIAS', ''),
('2-0815-0495', 'estudiante', 'MARIA JESUS', 'ALFARO', 'FALLAS', ''),
('2-0822-0229', 'estudiante', 'JOSUE GABRIEL', 'ARAYA', 'CALVO', ''),
('1-1808-0175', 'estudiante', 'JOCELYN ', 'ARAYA', 'CARBALLO', ''),
('1-1775-0789', 'estudiante', 'ESTEBAN GERARDO', 'ARIAS', 'BRENES', ''),
('6-0455-0057', 'estudiante', 'GRETTEL ', 'ATENCIO', 'MIRANDA', ''),
('4-0249-0008', 'estudiante', 'KENDALL DAVID', 'AZOFEIFA', 'CHAVES', ''),
('2-0821-0966', 'estudiante', 'IAN GUSTAVO', 'BADILLA', 'GOMEZ', ''),
('4-0247-0327', 'estudiante', 'WILSON ', 'BADILLA', 'UMANA', ''),
('2001014617120100', 'estudiante', 'OSNIN JOSE', 'BARRIOS', 'CHAVES', ''),
('2-0817-0010', 'estudiante', 'ALISON ', 'BENAVIDES', 'FALLAS', ''),
('2-0817-0009', 'estudiante', 'CAROLINA ', 'BENAVIDES', 'FALLAS', ''),
('9-0112-0246', 'estudiante', 'STEFANO ', 'BERNARDINI', 'RAMIREZ', ''),
('1-1810-0678', 'estudiante', 'TATIANA GUINETH', 'CORELLA', 'GONZALEZ', ''),
('2-0818-0491', 'estudiante', 'KEVIN JESUS', 'DELGADO', 'SALAZAR', ''),
('2-0793-0593', 'estudiante', 'NATHALY ', 'GONZALEZ', 'SIBAJA', ''),
('4-0245-0496', 'estudiante', 'JOSSEPH MANUEL', 'JIMENEZ', 'RAMIREZ', ''),
('2-0818-0543', 'estudiante', 'CRISTOBAL FRANCISCO', 'LUNA', 'ARLEY', ''),
('2-0795-0285', 'estudiante', 'OREL DENIXON', 'MORALES', 'CHACON', ''),
('2-0775-0613', 'estudiante', 'HERSEYSER YUSEN', 'MORALES', 'CHACON', ''),
('1-1809-0343', 'estudiante', 'STEVEN ALBERTO', 'CAMPOS', 'ARRIETA', ''),
('2-0797-0671', 'estudiante', 'LUZ CLARITA', 'MONTERO', 'PANIAGUA', ''),
('4-0252-0958', 'estudiante', 'JASON JOSUE', 'MOREIRA', 'ARIAS', ''),
('4-0251-0659', 'estudiante', 'JEAN EGDARDO', 'ORTIZ', 'RODRIGUEZ', ''),
('2-0813-0117', 'estudiante', 'ANGELICA GUISELLE', 'PARRALES', 'REYES', ''),
('2-0817-0245', 'estudiante', 'IKER ROBERTO', 'RAMIREZ', 'ESPINOZA', ''),
('2-0800-0338', 'estudiante', 'ALISON DE JESUS', 'RODRIGUEZ', 'SOLANO', ''),
('2-0803-0576', 'estudiante', 'KENNETH DAVID', 'RUIZ', 'CAMBRONERO', ''),
('2-0822-0244', 'estudiante', 'ANAYELI MARIA', 'RUIZ', 'SANCHEZ', ''),
('2-0817-0860', 'estudiante', 'LUIS KENDALL', 'SEGURA', 'PANIAGUA', ''),
('2-0802-0327', 'estudiante', 'KENDALL ', 'SOLIS', 'SOLANO', ''),
('2-0817-0247', 'estudiante', 'NATHALIE BRIGITTE', 'SOTO', 'GONZALEZ', ''),
('2-0820-0949', 'estudiante', 'DIANA ELIZABETH', 'TORRES', 'MENDEZ', ''),
('2-0822-0192', 'estudiante', 'JEAN ', 'VALERIO', 'GARCIA', ''),
('2-0816-0991', 'estudiante', 'CINTHIA PAOLA', 'VALLECILLOS', 'OLIVAS', ''),
('1-1815-0786', 'estudiante', 'ESTEBAN DAVID', 'VARGAS', 'CALVO', ''),
('2-0824-0758', 'estudiante', 'EIMY ANDREA', 'VILLAREAL', 'SOTO', ''),
('4', 'estudiante', 'ROY ', 'ZAMORA', 'ALVAREZ', ''),
('2-0821-0550', 'estudiante', 'KENDAL JOHAN', 'ALVAREZ', 'CASTRO', ''),
('2-0816-0554', 'estudiante', 'MAXIMILIANO ', 'ARAYA', 'SALAZAR', ''),
('4-0250-0815', 'estudiante', 'JULIAN ANDRES', 'BADILLA', 'GRANADOS', ''),
('2-0815-0132', 'estudiante', 'KIMBERLY TATIANA', 'BARRIENTOS', 'ESQUIVEL', ''),
('2-0825-0156', 'estudiante', 'AARON ', 'BENAVIDES', 'JIMENEZ', ''),
('2-0798-0572', 'estudiante', 'ALEXANDER ', 'CAMACHO', 'OBANDO', ''),
('5', 'estudiante', 'ALFONSO ', 'CERNA', 'RAMOS', ''),
('9-0122-0982', 'estudiante', 'ANDREW JARED', 'GAMEZ', 'MURILLO', ''),
('1-1754-0543', 'estudiante', 'YAHAZLIN EUGENIA', 'GARCIA', 'MENDOZA', ''),
('207920832', 'estudiante', 'KIMBERLY TATIANA', 'GONZALEZ', 'CABRERA', ''),
('2-0816-0430', 'estudiante', 'JENNIFER ', 'GUMUSTAS', 'CHACON', ''),
('0049011-02604513-029', 'estudiante', 'JEYLER ANTONIO', 'HURTADO', 'NUNEZ', ''),
('4-0251-0444', 'estudiante', 'KEYLIN MARIA', 'JIMENEZ', 'MORA', ''),
('6-0449-0165', 'estudiante', 'FRANCISCO JOSE', 'LOGO', 'ESTRADA', ''),
('2-0801-0287', 'estudiante', 'RONALD GERARDO', 'LOPEZ', 'MONDRAGON', ''),
('2-0816-0609', 'estudiante', 'TAINA FABIOLA', 'MARIN', 'JIMENEZ', ''),
('2-0819-0782', 'estudiante', 'SARA ', 'MAYORGA', 'ARCE', ''),
('2-0800-0693', 'estudiante', 'KERSTYN ', 'NAVARRO', 'ROSALES', ''),
('4-0246-0227', 'estudiante', 'ALLISSON ', 'PANIAGUA', 'ALVAREZ', ''),
('2-0810-0933', 'estudiante', 'JUSTIN GERARDO', 'MEJIA', 'BELLO', ''),
('4-0249-0670', 'estudiante', 'DIDIER YOEL', 'MORA', 'CARBALLO', ''),
('2-0818-0005', 'estudiante', 'JOSEPH GABRIEL', 'NUNEZ', 'LANDERO', ''),
('1-1819-0570', 'estudiante', 'JESUS ANTONIO', 'OLMOS', 'CAMPOS', ''),
('4-0245-0670', 'estudiante', 'VIVIANA ', 'PANIAGUA', 'JIMENEZ', ''),
('2-0823-0701', 'estudiante', 'BRAYAN JOSE', 'RAMOS', 'SERRANO', ''),
('4-0249-0403', 'estudiante', 'CRISTIAN ARTURO', 'ROJAS', 'FERNANDEZ', ''),
('2-0812-0408', 'estudiante', 'SEBASTIAN ALEJANDRO', 'ROJAS', 'OSORIO', ''),
('2-0825-0525', 'estudiante', 'SELENIA MARIA', 'SALAZAR', 'MOYA', ''),
('2-0816-0433', 'estudiante', 'NATHALIE ALIVSI', 'SOLANO', 'CASTRO', ''),
('1-1818-0792', 'estudiante', 'JOSE ANDRES', 'TORRES', 'RAMIREZ', ''),
('2-0822-0956', 'estudiante', 'KEILY PAMELA', 'VARGAS', 'MONTERO', ''),
('2-0819-0966', 'estudiante', 'ERNEST STWARD', 'VILLALOBOS', 'PORRAS', ''),
('6', 'estudiante', 'GERALD ENRIQUE', 'ZAPATA', 'ESPINOZA', ''),
('1-1787-0127', 'estudiante', 'FRANKLIN ', 'ZEPEDA', 'LOPEZ', ''),
('1-1831-0243', 'estudiante', 'ANDY GUSTAVO', 'ZUNIGA', 'VILLALOBOS', ''),
('1-1831-0220', 'estudiante', 'DANNY ANDRES', 'ZUNIGA', 'VILLALOBOS', ''),
('2-0790-0436', 'estudiante', 'ANDREY ', 'RODRIGUEZ', 'MORA', ''),
('2-0821-0795', 'estudiante', 'BRENDA PATRICIA', 'AMPIE', 'MARTINEZ', ''),
('7-0276-0783', 'estudiante', 'ERIKA GABRIELA', 'ANGULO', 'GONZALEZ', ''),
('2-0820-0415', 'estudiante', 'DYLAN JOSUE', 'ARIAS', 'ESPINOZA', ''),
('2-0817-0281', 'estudiante', 'SUJEY NATALIA', 'BARRANTES', 'PEREZ', ''),
('2-0817-0883', 'estudiante', 'DIEGO ANDRES', 'BERMUDEZ', 'ROJAS', ''),
('2-0815-0048', 'estudiante', 'LEONEL ', 'CALVO', 'CARMONA', ''),
('208180297', 'estudiante', 'JEFFERSON ', 'CAMPOS', 'MORA', ''),
('2-0917-0731', 'estudiante', 'KENNETH MARTIN', 'CARBALLO', 'UMANA', ''),
('2-0801-0654', 'estudiante', 'STEVEN ', 'CARVAJAL', 'BRENES', ''),
('1-1771-0688', 'estudiante', 'RONNY KEINER', 'CHANG', 'CERDAS', ''),
('2-0790-0425', 'estudiante', 'ANDERSON JOSUE', 'CHAVARRIA', 'MONTOYA', ''),
('4-0250-0750', 'estudiante', 'CRISTOFER JESUS', 'CHAVARRIA', 'SEGURA', ''),
('2-0794-0777', 'estudiante', 'NANCY PAOLA', 'GONZALEZ', 'CARRILLO', ''),
('1-1828-0893', 'estudiante', 'FERNANDO JAVIER', 'LEIVA', 'ESPINOZA', ''),
('3-0503-1031', 'estudiante', 'KEVIN CRISTINO', 'LOPEZ', 'ALVARADO', ''),
('1-1825-0749', 'estudiante', 'DIEGO ALESANDRO', 'MATA', 'BLANCO', ''),
('2-0785-0184', 'estudiante', 'LUISA DANIELA', 'MEJIAS', 'IROLA', ''),
('1-1815-0119', 'estudiante', 'MARIANA ', 'MORA', 'ARIAS', ''),
('2-0796-0124', 'estudiante', 'KEVIN MAURICIO', 'CAMPOS', 'ARROYO', ''),
('1-1797-0259', 'estudiante', 'MARIA PAULA', 'MORA', 'CHACON', ''),
('2-0815-0485', 'estudiante', 'OLIVIER GERARDO', 'MUNOZ', 'LOPEZ', ''),
('1-1825-0672', 'estudiante', 'KEYLIN PATRICIA', 'PANIAGUA', 'JIMENEZ', ''),
('4-0245-0656', 'estudiante', 'DARRIEL STUARDT', 'QUESADA', 'ACUNA', ''),
('2-0816-0666', 'estudiante', 'RONALD JOSUE', 'RETANA', 'DIAZ', ''),
('2-0799-0740', 'estudiante', 'MARIA GABRIELA', 'RETANA', 'MENA', ''),
('2-0816-0681', 'estudiante', 'ANDREA MARIA', 'REYES', 'CALVO', ''),
('4-0248-0657', 'estudiante', 'ALEXANDRA PAOLA', 'RODRIGUEZ', 'PARRA', ''),
('2-0815-0476', 'estudiante', 'CRYSLEY YARITZA', 'ROJAS', 'PEREZ', ''),
('28012010049', 'estudiante', 'NOEL ', 'ROMERO', 'BORGE', ''),
('01-054860912', 'estudiante', 'RANDALL ALBERTO', 'ROSTRAN', 'ZELEDON', ''),
('2-0806-0855', 'estudiante', 'ASHLEY PAOLA', 'SALAS', 'BALLADARES', ''),
('2-0801-0192', 'estudiante', 'FRANCISCO JOAQUIN', 'SANCHEZ', 'ZELEDON', ''),
('4-0251-0135', 'estudiante', 'MARIA PAULA', 'SEGURA', 'RODRIGUEZ', ''),
('1-1812-0956', 'estudiante', 'DAYRA YANNIS', 'TALAVERA', 'HERNANDEZ', ''),
('2-0815-0705', 'estudiante', 'ALISON MARIA', 'VALVERDE', 'HERRERA', ''),
('4-0251-0673', 'estudiante', 'KENDY JOANA', 'VILLALOBOS', 'MUNOZ', ''),
('208180774', 'estudiante', 'STANLEY JESUS', 'AGUILERA', 'SANCHEZ', ''),
('1-1728-0413', 'estudiante', 'GABRIEL ', 'ARAGON', 'CASTRO', ''),
('4-0252-0034', 'estudiante', 'LIBI VALERIA', 'ARIAS', 'SOLANO', ''),
('4-0246-0912', 'estudiante', 'HEDER ANDREE', 'ARIAS', 'GARCIA', ''),
('6-0476-0278', 'estudiante', 'JOSHUA ', 'BARQUERO', 'REYES', ''),
('1-1821-0207', 'estudiante', 'KEVIN ANTONIO', 'CALVO', 'VARGAS', ''),
('2-0791-0489', 'estudiante', 'KEVIN JOEL', 'CAMACHO', 'OBANDO', ''),
('2-0790-0448', 'estudiante', 'TANIA VANESSA', 'CAMPOS', 'HERRERA', ''),
('2-0815-0862', 'estudiante', 'FABIAN ALONSO', 'CAMPOS', 'QUIROS', ''),
('2-0815-0477', 'estudiante', 'JAKLIN DYLANIA', 'CARBAJAL', 'ALVARADO', ''),
('1-1768-0978', 'estudiante', 'NICHOLE ', 'CASTILLO', 'PONCE', ''),
('2-0796-0904', 'estudiante', 'EILYN YARITH', 'CHACON', 'VARGAS', ''),
('2-0820-0808', 'estudiante', 'GENESIS SHARLYN', 'CHAVES', 'GONZALEZ', ''),
('2-0774-0192', 'estudiante', 'JOSE ANDRES', 'CUBILLO', 'BONILLA', ''),
('7', 'estudiante', 'KIARA PAOLA', 'DUARTE', 'REYES', ''),
('4-0252-0727', 'estudiante', 'MONICA MARIA', 'ESPINOZA', 'MUNOZ', ''),
('1-1816-0528', 'estudiante', 'IMANOL GERARDO', 'FALLAS', 'ARIAS', ''),
('2-0810-0449', 'estudiante', 'JEUDY STEVEN', 'VEGA', 'CANO', ''),
('4-0247-0821', 'estudiante', 'LUIS ALONSO', 'VILLALOBOS', 'VARGAS', ''),
('1-1774-0951', 'estudiante', 'NICOLE DANIELA', 'ARAYA', 'PANIAGUA', ''),
('2-0783-0215', 'estudiante', 'YOCONDA RAQUEL', 'ARGUELLO', 'MIRANDA', ''),
('2-0803-0536', 'estudiante', 'MARIANA VANESSA', 'ARROYO', 'DELGADO', ''),
('2-0807-0159', 'estudiante', 'REICHEL DAYANA', 'GONZALEZ', 'MORA', ''),
('4-0247-0873', 'estudiante', 'LUIS ALONSO', 'MOLINA', 'CASTRO', ''),
('1-1796-0201', 'estudiante', 'DANIELA ', 'MORALES', 'MURILLO', ''),
('21012008274', 'estudiante', 'MELEYDI CRISTINA', 'NAVARRETE', 'MEDRANO', ''),
('1-1756-0527', 'estudiante', 'YORDY ANDRES', 'PALACIOS', 'LOPEZ', ''),
('1-1776-0026', 'estudiante', 'HILLARY ', 'PANIAGUA', 'CAMPOS', ''),
('2-0812-0246', 'estudiante', 'TIFFANY RAQUEL', 'PANIAGUA', 'HERRERA', ''),
('1-1773-0170', 'estudiante', 'DYLAN ', 'PONCE', 'CAMPOS', ''),
('2-0807-0875', 'estudiante', 'REINA GABRIELA', 'RODRIGUEZ', 'JIMENEZ', ''),
('2-0797-0351', 'estudiante', 'JOSE PABLO', 'ROJAS', 'FERNANDEZ', ''),
('2-0812-0121', 'estudiante', 'MAILYN NIKOL', 'RODRIGUEZ', 'GONZALEZ', ''),
('2-0810-0934', 'estudiante', 'ARIANI MARIA', 'PEREZ', 'RODRIGUEZ', ''),
('2-0805-0739', 'estudiante', 'BRAYAN ', 'PANIAGUA', 'CESPEDES', ''),
('2-0802-0904', 'estudiante', 'YINARA ', 'MOLINA', 'CARVAJAL', ''),
('2-0810-0578', 'estudiante', 'KATHERINE VANESSA', 'MARTINEZ', 'CAMPOS', ''),
('1-1716-0267', 'estudiante', 'LUIS CLAUDIO', 'ARAYA', 'PANIAGUA', ''),
('2-0765-0619', 'estudiante', 'JOSTIN ', 'CAMACHO', 'JIMENEZ', ''),
('4-0237-0660', 'estudiante', 'WILLIAM ALONSO', 'CAMACHO', 'MEJIA', ''),
('NIC-CRI-01-124501112', 'estudiante', 'JEFFRY JOSE', 'DAVILA', 'GONZALEZ', ''),
('2-0774-0631', 'estudiante', 'YOLANDA MARIA', 'JARQUIN', 'AMADOR', ''),
('2-0781-0304', 'estudiante', 'GREYBIN ESTEBAN', 'JIMENEZ', 'CARTIN', ''),
('2-0760-0492', 'estudiante', 'JUAN CARLOS', 'MIRANDA', 'BARBERENA', ''),
('2-0782-0063', 'estudiante', 'SAIRA ANGELICA', 'MORENO', 'PAO', ''),
('2-0781-0347', 'estudiante', 'MARIA GUADALUPE', 'MURILLO', 'SIBAJA', ''),
('2-0776-0922', 'estudiante', 'FRANDER ', 'NUNEZ', 'ARRIETA', ''),
('2-0754-0017', 'estudiante', 'JOSE ANDRES', 'PANIAGUA', 'CHAVARRIA', ''),
('2-0776-0252', 'estudiante', 'KENDAL IGNACIO', 'PANIAGUA', 'JIMENEZ', ''),
('2-0774-0238', 'estudiante', 'NIXON ALONSO', 'RIVERA', 'ESQUIVEL', ''),
('2-0769-0509', 'estudiante', 'JONATHAN STEVEN', 'RODRIGUEZ', 'GONZALEZ', ''),
('2-0781-0786', 'estudiante', 'ARON ', 'RODRIGUEZ', 'JIMENEZ', ''),
('1-1703-0745', 'estudiante', 'KEVIN GERARDO', 'SEGURA', 'SANCHEZ', ''),
('2-0830-0232', 'estudiante', 'XINIA ELIZABETH', 'VARGAS', 'ESPINOZA', ''),
('2-0774-0966', 'estudiante', 'GABRIEL ENRIQUE', 'VARGAS', 'JIMENEZ', ''),
('1-1721-0438', 'estudiante', 'SERGIO PAULO', 'VARGAS', 'PENARANDA', ''),
('2-0764-0387', 'estudiante', 'KEVIN ALONSO', 'CAMPOS', 'ALVARADO', ''),
('4-0239-0604', 'estudiante', 'EMILY ', 'CHAVES', 'CAMACHO', ''),
('2-0774-0299', 'estudiante', 'OLMAN GERARDO', 'CORDOBA', 'HERNANDEZ', ''),
('1-1659-0751', 'estudiante', 'JANELLY VANESSA', 'IBARRA', 'CARVAJAL', ''),
('Mala02', 'estudiante', 'TIRZA JOSE', 'JIMENEZ', 'CARDENAS', ''),
('1-1693-0088', 'estudiante', 'JEREMY ', 'KLANK', 'ARAYA', ''),
('2-0769-0668', 'estudiante', 'GERSON ANTHONY', 'MANZANARES', 'BUSTOS', ''),
('1-1717-0987', 'estudiante', 'DANIELA ', 'MARIN', 'QUESADA', ''),
('2-0782-0449', 'estudiante', 'KEVIN JESUS', 'MONGE', 'VIQUEZ', ''),
('1-1694-0766', 'estudiante', 'OSCAR MARIO', 'MORA', 'ARIAS', ''),
('1-1705-0953', 'estudiante', 'ANA EMILIA', 'MORA', 'ULLOA', ''),
('4-0229-0076', 'estudiante', 'JAFET ZAID', 'NUNEZ', 'CASTRILLO', ''),
('2-0822-0802', 'estudiante', 'GRACE JOSEBETH', 'QUESADA', 'SALAS', ''),
('2-0769-0516', 'estudiante', 'JOSE ALEXANDER', 'SOTO', 'CAMPOS', ''),
('2-0765-0097', 'estudiante', 'BRAYAN JESUS', 'RODRIGUEZ', 'CAMBRONERO', ''),
('2-0786-0656', 'estudiante', 'JOSSETTE JIMENA', 'VARGAS', 'MOLINA', ''),
('2-0785-0645', 'estudiante', 'KATHERINE MICHELLE', 'ALVARADO', 'SOLANO', ''),
('4-0237-0169', 'estudiante', 'SUSY ESTEFANI', 'ARAYA', 'ALVAREZ', ''),
('1-1708-0931', 'estudiante', 'JENNIFER ', 'CAMACHO', 'VILLALOBOS', ''),
('2-0781-0482', 'estudiante', 'ASTRIT YOANKA', 'CASTRO', 'ALFARO', ''),
('C0823255', 'estudiante', 'KARLA MARIA', 'DIAZ', 'MARTINEZ', ''),
('2-0765-0805', 'estudiante', 'BRAYAN JOSE', 'GOMEZ', 'MESEN', ''),
('4-0240-0798', 'estudiante', 'MARIA FERNANDA', 'GONZALEZ', 'ALVARADO', ''),
('4-0240-0733', 'estudiante', 'HILLARY VALERIA', 'GONZALEZ', 'CARBALLO', ''),
('2-0775-0918', 'estudiante', 'VERONICA NATALIA', 'LARA', 'HERNANDEZ', ''),
('2-0782-0008', 'estudiante', 'JOCELYN ', 'MIRANDA', 'ROJAS', ''),
('2-0781-0309', 'estudiante', 'ALISON GABRIELA', 'NUNEZ', 'MONTERO', ''),
('2-0769-0538', 'estudiante', 'YESSENIA ', 'SANCHEZ', 'OPORTA', ''),
('6-0443-0966', 'estudiante', 'ISAAC ', 'SANCHO', 'DELGADO', ''),
('2-0783-0324', 'estudiante', 'AMANDA MARIA', 'SOLANO', 'MOREIRA', ''),
('2-0784-0236', 'estudiante', 'ROSAURA ISABEL', 'UGALDE', 'NUNEZ', ''),
('1-1666-0424', 'estudiante', 'CHERELEET ', 'VARGAS', 'CASTILLO', ''),
('4-0236-0982', 'estudiante', 'ASHLY RAQUEL', 'VILLALOBOS', 'ALVARADO', ''),
('155807312112', 'estudiante', 'JESSY ', 'TORRES', 'VANEGAS', ''),
('2-0782-0357', 'estudiante', 'DANY JAUDIN', 'ACUNA', 'BARRIOS', ''),
('1-1721-0040', 'estudiante', 'YERLIN DANIELA', 'ARTAVIA', 'CASTILLO', ''),
('Mala03', 'estudiante', 'RODRIGO ', 'CHACON', 'BOGGS', ''),
('1-1703-0044', 'estudiante', 'MARIA JESUS', 'CHAVARRIA', 'ARAYA', ''),
('4-0237-0759', 'estudiante', 'MINOR ALEJANDRO', 'ESQUIVEL', 'JIMENEZ', ''),
('504180016', 'estudiante', 'JUAN MANUEL', 'GARCIA', 'ROJAS', ''),
('6-0448-0839', 'estudiante', 'JAFET ', 'GOMEZ', 'MUNOZ', ''),
('7-0260-0645', 'estudiante', 'ANA FRANCISCA', 'HERNANDEZ', 'LOPEZ', ''),
('2-0762-0914', 'estudiante', 'DENIA MARIA', 'HERRERA', 'SANABRIA', ''),
('2-0762-0578', 'estudiante', 'DIANA MARIA', 'HERRERA', 'SANABRIA', ''),
('4-0239-0547', 'estudiante', 'ESTEFANY MARBELY', 'LEIVA', 'LOPEZ', ''),
('207650478', 'estudiante', 'CHAQUIRA YELICSA', 'MENDEZ', 'ARTAVIA', ''),
('1-1702-0183', 'estudiante', 'YULISSA ', 'PANIAGUA', 'MONTERO', ''),
('2-0776-0267', 'estudiante', 'NAEN JOSUE', 'RUIZ', 'ZELEDON', ''),
('2-0774-0289', 'estudiante', 'SEANY MELISSA', 'BARRANTES', 'RODRIGUEZ', ''),
('2-0739-0825', 'estudiante', 'EFRAIN FABIAN', 'CALVO', 'PANIAGUA', ''),
('2-0785-0775', 'estudiante', 'KEYLOR EDUARDO', 'CASTRO', 'MOLINA', ''),
('2-734-780', 'estudiante', 'DANIEL ', 'DELGADO', 'BENAVIDES', ''),
('4-0235-0168', 'estudiante', 'KEILYN MELISA', 'ESPINOZA', 'SALAS', ''),
('2-0773-0588', 'estudiante', 'SHARON YARETH', 'FERNANDEZ', 'CESPEDES', ''),
('2-0780-0123', 'estudiante', 'ANTHONY JOHAN', 'GOMEZ', 'ALVAREZ', ''),
('1-1709-0030', 'estudiante', 'MARIA JOSE', 'GONZALEZ', 'JIMENEZ', ''),
('2-0763-0393', 'estudiante', 'YHAN MANUEL', 'GONZALEZ', 'SIBAJA', ''),
('2-0771-0352', 'estudiante', 'SANDRA MARYLIS', 'JARQUIN', 'AMADOR', ''),
('2-0756-0712', 'estudiante', 'MAIKOL VINICIO', 'LORIA', 'RODRIGUEZ', ''),
('2-0074-0412', 'estudiante', 'ALLAN ANDREY', 'MATAMOROS', 'ZUNIGA', ''),
('2-0775-0177', 'estudiante', 'EVELYN REBECA', 'RIVAS', 'HUETE', ''),
('2-0783-0498', 'estudiante', 'ALEXA MARIA', 'SANCHEZ', 'GUEVARA', ''),
('3-0502-0691', 'estudiante', 'NICOLE SUSSETTI', 'SOLANO', 'MONTERO', ''),
('2-0782-0941', 'estudiante', 'FLOR DE MARIA', 'VANEGAS', 'GOMEZ', ''),
('2-0792-0551', 'estudiante', 'KATHERINE ', 'ABARCA', 'QUESADA', ''),
('4-0242-0427', 'estudiante', 'JUAN PABLO', 'ALFARO', 'SEGURA', ''),
('2-0776-0694', 'estudiante', 'KENDY DANIELA', 'BALTODANO', 'SANCHEZ', ''),
('B238502', 'estudiante', 'KATHERINE PATRICIA', 'CAMPOS', 'ARGUETA', ''),
('1-1757-0278', 'estudiante', 'ANTHONY ', 'CASTRO', 'CESPEDES', ''),
('2-0787-0060', 'estudiante', 'JEFFERSON DAVID', 'DE BENEDICTIS', 'ARIAS', ''),
('9-0125-1272', 'estudiante', 'YEHILING NAHARA', 'FUENTES', 'BORGE', ''),
('1-1730-0481', 'estudiante', 'JOSUE ', 'HERNANDEZ', 'AVILA', ''),
('2-0798-0549', 'estudiante', 'YANIN JULISSA', 'JIMENEZ', 'VALVERDE', ''),
('2-0786-0925', 'estudiante', 'JOSUE RAFAEL', 'MANZANARES', 'BUSTOS', ''),
('1-1737-0240', 'estudiante', 'SHARON RAQUEL', 'MONGE', 'MENDEZ', ''),
('4-0245-0570', 'estudiante', 'PATRICK FABIAN', 'MORA', 'FERNANDEZ', ''),
('2-0801-0189', 'estudiante', 'CRISTOPHER ', 'PANIAGUA', 'ROJAS', ''),
('2-0801-0707', 'estudiante', 'EMANUEL ', 'SALAZAR', 'MOYA', ''),
('2-0792-0407', 'estudiante', 'ANDRES ULISES', 'ZUMBADO', 'RIVERA', ''),
('3-0514-0301', 'estudiante', 'ADRIANA MARCELA', 'CAMPOS', 'MONTOYA', ''),
('4-0243-0857', 'estudiante', 'FABIOLA DE LOS ANGELES', 'ESPINOZA', 'MUNOZ', ''),
('2-0787-0892', 'estudiante', 'VIANCA NIKOL', 'FERNANDEZ', 'ARAYA', ''),
('2-0794-0429', 'estudiante', 'JUAN JOSE', 'PICADO', 'VILLALOBOS', ''),
('2-0793-0178', 'estudiante', 'JORDI ', 'POVEDA', 'CHACON', ''),
('1-1726-0038', 'estudiante', 'JEREMY EMANUEL', 'QUIROS', 'FALLAS', ''),
('117001438701', 'estudiante', 'NIXON JULIAN', 'RIOS', 'LEON', ''),
('4-0244-0639', 'estudiante', 'ELENA LUCIA', 'RUIZ', 'QUESADA', ''),
('2-0796-0079', 'estudiante', 'DAURY MAYELA', 'SALAS', 'ALVAREZ', ''),
('2-0775-0857', 'estudiante', 'NIXON GERARDO', 'SALAS', 'MADRIGAL', ''),
('1-1736-0512', 'estudiante', 'LUIS FERNANDO', 'SANCHEZ', 'BOLANOS', ''),
('4-0244-0753', 'estudiante', 'ADRIANA MARIA', 'SOLANO', 'PORTUGUEZ', ''),
('2-0791-0893', 'estudiante', 'YAROL AARON', 'SOLERA', 'VARGAS', ''),
('1-1730-0377', 'estudiante', 'JUAN PABLO', 'SOTO', 'ROJAS', ''),
('2-0787-0294', 'estudiante', 'ISAC GABRIEL', 'VARGAS', 'VARGAS', ''),
('2-0789-0402', 'estudiante', 'DANIELA ', 'AGUILAR', 'ARROYO', ''),
('2-0793-0607', 'estudiante', 'STEPHANIE ', 'ARROYO', 'FALLAS', ''),
('2-0794-0685', 'estudiante', 'JOCELYN PAOLA', 'BONILLA', 'MONTERO', ''),
('4-0243-0050', 'estudiante', 'BYRON ', 'CARVAJAL', 'VARGAS', ''),
('2-0783-0004', 'estudiante', 'ARIEL ADOLFO', 'CHACON', 'LOPEZ', ''),
('2-0793-0169', 'estudiante', 'KEYLOR ANDRES', 'CONTRERAS', 'PORRAS', ''),
('2-0786-0407', 'estudiante', 'JOSE DANIEL', 'DAVILA', 'SANCHEZ', ''),
('2-0793-0157', 'estudiante', 'YERLIN YASARI', 'DURAN', 'ALVAREZ', ''),
('3-0516-0058', 'estudiante', 'JORGE ESTEBAN', 'FALLAS', 'ALFARO', ''),
('0002001009725120199', 'estudiante', 'DIANA ELIZABETH', 'GARCIA', 'OROZCO', ''),
('0002001009728120696', 'estudiante', 'VALEZKA ', 'GARCIAOROZCO', 'ESKARLEN', ''),
('4-0242-0500', 'estudiante', 'MILSAR JOSUE', 'GONZALEZ', 'CASTILLO', ''),
('4-0243-0408', 'estudiante', 'PAULA YULIANA', 'MEJIA', 'SANCHEZ', ''),
('4-0242-0969', 'estudiante', 'HILLARY MARIA', 'MELENDEZ', 'CAMPOS', ''),
('1-1743-0375', 'estudiante', 'MARIA FERNANDA', 'MESEN', 'SERRANO', ''),
('2-0788-0382', 'estudiante', 'LUIS IGNACIO', 'MEJIAS', 'JIMENEZ', ''),
('2-0798-0435', 'estudiante', 'MARIA CELESTE', 'MELENDEZ', 'SALAZAR', ''),
('2-0790-0894', 'estudiante', 'MARIA CAROLINA', 'MIRANDA', 'BARBERENA', ''),
('4-0243-0839', 'estudiante', 'DANIELA ', 'MORENO', 'ZARATE', ''),
('Mala-01', 'estudiante', 'CRISTOPER SCOTT', 'PICADO', 'ARTAVIA', ''),
('2-0776-0243', 'estudiante', 'MARIA FERNANDA', 'RODRIGUEZ', 'ORTIZ', ''),
('4-0244-0527', 'estudiante', 'TANIA PAULINA', 'ROJAS', 'BRENES', ''),
('4-0244-0307', 'estudiante', 'DANIELA ', 'SALAZAR', 'ULATE', ''),
('1-1740-0470', 'estudiante', 'ADYARI NICOLE', 'SANCHEZ', 'FERNANDEZ', ''),
('2-0755-0071', 'estudiante', 'MANFRED VINICIO', 'SANCHEZ', 'VALVERDE', ''),
('2-0797-0539', 'estudiante', 'GLORIANA ', 'SEGURA', 'CALVO', ''),
('2-0749-0045', 'estudiante', 'KEVIN ANTONIO', 'SEGURA', 'TORRES', ''),
('4-0241-0924', 'estudiante', 'EDYN OMAR', 'SOLANO', 'GONZALEZ', ''),
('2-0796-0834', 'estudiante', 'MELANY ARIANA', 'VALVERDE', 'ALVAREZ', ''),
('1-1738-0931', 'estudiante', 'MARLON JOSUE', 'ALVARADO', 'QUESADA', ''),
('4-0241-0496', 'estudiante', 'DEIVER JOSUE', 'BADILLA', 'GRANADOS', ''),
('2-0783-0702', 'estudiante', 'DAVID GERARDO', 'BAEZ', 'SANDOVAL', ''),
('4-0241-0158', 'estudiante', 'JOKSAN LEONARDO', 'CHACON', 'SEGURA', ''),
('2-0793-0165', 'estudiante', 'ALFONSO JOSE', 'CORELLA', 'LE MAITRE', ''),
('2-0794-0460', 'estudiante', 'ALBA MARA', 'DAVILA', 'BLANDON', ''),
('2-0773-0417', 'estudiante', 'NATALY DANIELA', 'DURAN', 'AMADOR', ''),
('9-0122-0981', 'estudiante', 'JUSTIN ', 'GAMEZ', 'MURILLO', ''),
('2-0790-0606', 'estudiante', 'JAROD ', 'GONZALEZ', 'MELENDEZ', ''),
('4-0241-0059', 'estudiante', 'DIEGO JOSUE', 'HERRERA', 'RODRIGUEZ', ''),
('2-0798-0981', 'estudiante', 'JEFFERSON ARIEL', 'JARQUIN', 'JIMENEZ', ''),
('2-0797-0540', 'estudiante', 'DANNY JOSE', 'LANZAS', 'MOLINA', ''),
('2-0799-0351', 'estudiante', 'JOSTIN JESUS', 'MARIN', 'JIMENEZ', ''),
('2-0792-0403', 'estudiante', 'VALERY MARIA', 'MEJIAS', 'SANCHEZ', ''),
('1-1741-0805', 'estudiante', 'RONNY JAVIER', 'ROJAS', 'MANCIA', ''),
('2-0798-0329', 'estudiante', 'DANIELA JESUS', 'SALAZAR', 'RODRIGUEZ', ''),
('2-0787-0367', 'estudiante', 'MAUREN LARICSA', 'FALLAS', 'SEGURA', ''),
('4-0243-0516', 'estudiante', 'NATALIA VANESSA', 'MENA', 'ARCE', ''),
('2-0787-0009', 'estudiante', 'ALVARO ANTONIO', 'MORA', 'GOMEZ', ''),
('4-0242-0583', 'estudiante', 'CRISTOPHER JEFERSON', 'MOREIRA', 'ARAYA', ''),
('4-0245-0025', 'estudiante', 'MELANIE JOANA', 'MOREIRA', 'SANCHEZ', ''),
('4-0243-0289', 'estudiante', 'JAZMIN SOFIA', 'MUNOZ', 'HERNANDEZ', ''),
('2-0791-0297', 'estudiante', 'FREYMAN STEVEN', 'ORTIZ', 'ARTAVIA', ''),
('2-0792-0498', 'estudiante', 'BETZAIRA ', 'QUESADA', 'SALAS', ''),
('4-0239-0778', 'estudiante', 'ANTHONY JOSE', 'RODRIGUEZ', 'PEREZ', ''),
('4-0241-0556', 'estudiante', 'NAZARETH MARIA', 'RODRIGUEZ', 'BADILLA', ''),
('4-0241-0389', 'estudiante', 'JUAN FRANCISCO', 'ROJAS', 'ALVARADO', ''),
('4-0242-0493', 'estudiante', 'ALEXANDER JOSUE', 'SALAS', 'LEIVA', ''),
('4-0242-0755', 'estudiante', 'KENDALL ', 'SALGUERO', 'CAMACHO', ''),
('1-1756-0066', 'estudiante', 'CRISTIAN ELADIO', 'SEGURA', 'CAMACHO', ''),
('1-1708-0348', 'estudiante', 'FARLEN ABEL', 'VILLACHICA', 'SANDI', ''),
('9-0127-0457', 'estudiante', 'MARINA PAOLA', 'ZAMORA', 'SUAREZ', ''),
('4-0244-0448', 'estudiante', 'LUIS JOSE', 'ALVAREZ', 'ALVARADO', ''),
('2-0752-0261', 'estudiante', 'NICOLE DAYANA', 'ALVAREZ', 'MONTERO', ''),
('2-0794-0288', 'estudiante', 'SUGEY NATALIA', 'BADILLA', 'MONTERO', ''),
('1-1756-0816', 'estudiante', 'KENDALL EDUANNY', 'CABEZAS', 'BOLANOS', ''),
('2-0777-0788', 'estudiante', 'ANDREY ', 'CASCANTE', 'REYESERICK', ''),
('2-0785-0819', 'estudiante', 'NICOLE PAOLA', 'CASTRO', 'RODRIGUEZ', ''),
('1-0172-0527', 'estudiante', 'LUIS ALBERTO', 'CASTRO', 'CALVO', ''),
('2-0787-0012', 'estudiante', 'NIKOLE ', 'HERNANDEZ', 'BRENES', ''),
('2-0793-0638', 'estudiante', 'GUENSLER ALEXANDER', 'JIMENEZ', 'RODRIGUEZ', ''),
('2-0789-0890', 'estudiante', 'JOCELYN DAYANA', 'JIMENEZ', 'SOTO', ''),
('2-0782-0599', 'estudiante', 'MELANIE ', 'LOAIZA', 'MEJIAS', ''),
('1-1729-0813', 'estudiante', 'JOSE PABLO', 'LOPEZ', 'RUIZ', ''),
('2-0783-0705', 'estudiante', 'JOSE EDWIN', 'LOPEZ', 'LEAL', ''),
('2-0771-0357', 'estudiante', 'KENYA ROCHEL', 'SOLANO', 'ZUNIGA', ''),
('1-1747-0213', 'estudiante', 'BRAYAN ', 'CORELLA', 'OVIEDO', ''),
('1-1719-0394', 'estudiante', 'DANIEL ANDRES', 'LORIA', 'BRENES', ''),
('1-1696-0177', 'estudiante', 'YAHOSKA DE LOS ANGELES', 'MEDINA', 'CENTENO', ''),
('2-0796-0136', 'estudiante', 'JUAN JOSE', 'MEJIAS', 'HERNANDEZ', ''),
('2-0791-0277', 'estudiante', 'LUIS ENRIQUE', 'MOLINA', 'AGUERO', ''),
('2-0787-0269', 'estudiante', 'CARLOS DANIEL', 'PANIAGUA', 'VARGAS', ''),
('2-0798-0438', 'estudiante', 'VALERIE DAYANA', 'RODRIGUEZ', 'ORTIZ', ''),
('1-1739-0202', 'estudiante', 'PRISCILLA NIKOL', 'RODRIGUEZ', 'SANCHEZ', ''),
('2-0766-0725', 'estudiante', 'NELSON JOSUE', 'RODRIGUEZ', 'SIBAJA', ''),
('1-1723-0101', 'estudiante', 'KAREN JULISSA', 'RODRIGUEZ', 'ALFARO', ''),
('2-0780-0698', 'estudiante', 'ERICKSON ARIEL', 'SALAZAR', 'MENDEZ', ''),
('1-1728-0995', 'estudiante', 'MANRIQUE JESUS', 'SOTO', 'ARIAS', ''),
('1-1752-0907', 'estudiante', 'JOSSELYN CRISTINA', 'SOTO', 'CALVO', ''),
('1-1747-0654', 'estudiante', 'MARCO ANTONIO', 'SALAS', 'NUNEZ', ''),
('2-0798-0738', 'estudiante', 'DANIELA MELISSA', 'ABARCA', 'ARIAS', ''),
('2-0809-0936', 'estudiante', 'CRISTIAN JOSUE', 'ARIAS', 'NUNEZ', ''),
('2-0811-O563', 'estudiante', 'MARCEL EDUARDO', 'CALVO', 'SANCHEZ', ''),
('1-1755-0416', 'estudiante', 'GALVIN DAVID', 'CARRANZA', 'SEGURA', ''),
('2-0804-0547', 'estudiante', 'NAOMY MARIA', 'CARRION', 'RAMIREZ', ''),
('1-1766-0223', 'estudiante', 'JOSELYN DE LOS ANGELES', 'CHACON', 'BONILLA', ''),
('2-0800-0790', 'estudiante', 'DAVID JESUS', 'EDUARTE', 'NUNEZ', ''),
('2-0783-0800', 'estudiante', 'JOHN HAROLD', 'GOMEZ', 'SOLANO', ''),
('2-0805-0776', 'estudiante', 'JESICA ', 'MONTERO', 'RODRIGUEZ', ''),
('2-0785-0928', 'estudiante', 'CAROL TATIANA', 'PEREZ', 'ARIAS', ''),
('2-0811-0793', 'estudiante', 'KARLA JULISSA', 'POVEDA', 'CHACON', ''),
('2-0807-0850', 'estudiante', 'RACHEL JOHANNA', 'QUIROS', 'CASTILLO', ''),
('1-1789-0917', 'estudiante', 'JOSMELL ', 'RODRIGUEZ', 'ESPINOZA', ''),
('1-1782-0803', 'estudiante', 'SEBASTIAN ', 'SANCHEZ', 'BARRANTES', ''),
('2-0807-0912', 'estudiante', 'JOSE MARTIN', 'TORRES', 'HERNANDEZ', ''),
('2-0811-0145', 'estudiante', 'TATIANA MARIA', 'ALVARADO', 'RAMIREZ', ''),
('2-0808-0615', 'estudiante', 'ROBERT ADRIAN', 'ARIAS', 'LOPEZ', ''),
('2-0806-0582', 'estudiante', 'EMANUEL RODOLFO', 'BRICENO', 'RETANA', ''),
('2-0802-0814', 'estudiante', 'CINDY GABRIELA', 'CASTRO', 'LEPIZ', ''),
('4-0249-0795', 'estudiante', 'FIORELLA DE LOS ANGELES', 'CHAVARRIA', 'MUNOZ', ''),
('2-0806-0883', 'estudiante', 'JOSE DANIEL', 'GOMEZ', 'SANCHEZ', ''),
('2-0807-0793', 'estudiante', 'KEVIN STEVEN', 'GONZALEZ', 'COLLADO', ''),
('1-1780-0844', 'estudiante', 'AARON FELIPE', 'MARIN', 'ALFARO', ''),
('4-0246-0577', 'estudiante', 'JOSHUA ', 'MOLINA', 'NUNEZ', ''),
('2-0810-0534', 'estudiante', 'DASZZLERD GERARDO', 'MONTERO', 'SANCHEZ', ''),
('2-0789-0891', 'estudiante', 'KRISTELL DANIELA', 'MORALES', 'ROSALES', ''),
('2-0800-0977', 'estudiante', 'OSCAR STEVEN', 'RODRIGUEZ', 'CAMPOS', ''),
('4-0248-0191', 'estudiante', 'SOFIA GABRIELA', 'ROJAS', 'BARRIENTOS', ''),
('2-0809-0322', 'estudiante', 'JEFFERSON ', 'SOLANO', 'ESCOTO', ''),
('2-0811-0190', 'estudiante', 'KEVIN ALBERTO', 'SOLANO', 'PICADO', ''),
('3-0521-0034', 'estudiante', 'ESMERALDA ', 'SOTO', 'GALLEGOS', ''),
('2-0806-0243', 'estudiante', 'VERONICA ISABEL', 'UMANA', 'LOPEZ', ''),
('5-0423-0432', 'estudiante', 'CAROLINA ', 'DELGADO', 'MORA', ''),
('1-1769-0666', 'estudiante', 'ANYELL PAMELA', 'ARCE', 'BOLANOS', ''),
('2-0808-0898', 'estudiante', 'MARIA JOSE', 'BARAHONA', 'SALAZAR', ''),
('2001004992110699', 'estudiante', 'YUDIETH VANESSA', 'BARBERENA', 'ALVARADO', ''),
('2-0804-0103', 'estudiante', 'RONALD DAVID', 'CHAVARRIA', 'GOMEZ', ''),
('1-1802-0483', 'estudiante', 'KEVIN GABRIEL', 'CHAVES', 'BADILLA', ''),
('2-0830-0959', 'estudiante', 'GAUDI VALERIA', 'DIAZ', 'CERDAS', ''),
('6-0458-0002', 'estudiante', 'ANA CECILIA', 'ESPINOZA', 'CORTES', ''),
('2-0786-0857', 'estudiante', 'ANGELICA MARIA', 'ESPINOZA', 'CORTES', ''),
('4-0245-0169', 'estudiante', 'JADIT ', 'HERNANDEZ', 'PORRAS', ''),
('1-1775-0747', 'estudiante', 'LUIS DANIEL', 'MOLINA', 'CHACON', ''),
('2-0801-0159', 'estudiante', 'YULEISY DAYANA', 'MONTERO', 'BARRANTES', ''),
('2-0781-0952', 'estudiante', 'DYLAN JORDANY', 'GATJENS', 'ARROYO', ''),
('2-0802-0666', 'estudiante', 'JOSE EDUARDO', 'RODRIGUEZ', 'RODRIGUEZ', ''),
('4-0243-0810', 'estudiante', 'JAZMIN ', 'SANCHEZ', 'MERLO', ''),
('4-0244-0937', 'estudiante', 'SASHKIA CHAKIRA', 'SOLANO', 'TORRES', ''),
('2-0808-0420', 'estudiante', 'JEISON ANDRES', 'TORRES', 'CALVO', ''),
('2-0804-0535', 'estudiante', 'MARIA CLAUDIA', 'UGALDE', 'ARGUEDAS', ''),
('4-0248-0583', 'estudiante', 'DIDIER GERARDO', 'ZAMORA', 'ALVAREZ', ''),
('1-1763-0071', 'estudiante', 'GIMENNA ', 'ACOSTA', 'ALVAREZ', ''),
('2-0812-0738', 'estudiante', 'MARIA JOSE', 'ALVARADO', 'RODRIGUEZ', ''),
('2-0811-0017', 'estudiante', 'MELANI NOELIA', 'ALVAREZ', 'CARVAJAL', ''),
('2-0811-0566', 'estudiante', 'MARIA JOSE', 'BRAVO', 'PRADILLA', ''),
('2-0798-0499', 'estudiante', 'KIABETH MARIA', 'CASTRO', 'MIRANDA', ''),
('2-0810-0753', 'estudiante', 'ENRIQUE FABIAN', 'RAMIREZ', 'RAMOS', ''),
('4-0246-0407', 'estudiante', 'EDGARDO JESUS', 'GUERRERO', 'CAMPOS', ''),
('2-0813-0614', 'estudiante', 'PAULINA ', 'LIZANO', 'PORRAS', ''),
('1-1765-0041', 'estudiante', 'VALERIE DE LOS ANGELES', 'LOAIZA', 'AGUILAR', ''),
('C01129302', 'estudiante', 'MARIA FERNANDA', 'LOPEZ', 'BONILLA', ''),
('1-1663-0445', 'estudiante', 'ANTONY ANDRES', 'ALFARO', 'ALVARADO', ''),
('4-0235-0998', 'estudiante', 'ADRIAN ALONSO', 'BADILLA', 'GRANADOS', ''),
('402230523', 'estudiante', 'JUSTIN FABIAN', 'CAMPOS', 'ESPINOZA', ''),
('402350849', 'estudiante', 'MELVIN ALONSO', 'CAMPOS', 'ESPINOZA', ''),
('4-0235-0385', 'estudiante', 'ALLAN JOSE', 'ESQUIVEL', 'ARAYA', ''),
('4-0233-0238', 'estudiante', 'JORGE LUIS', 'FLORES', 'ARCE', ''),
('9-0124-0741', 'estudiante', 'ALLAN ESTEBAN', 'GAMEZ', 'MURILLO', ''),
('2-0756-0466', 'estudiante', 'JAFET ', 'JIMENEZ', 'GONZALEZ', ''),
('2-0768-0797', 'estudiante', 'JOSE DANIEL', 'MEJIAS', 'ROJAS', ''),
('1-1643-0922', 'estudiante', 'ABNER ISAAC', 'MONGE', 'MENDEZ', ''),
('1-1674-0061', 'estudiante', 'BRANDON JOSE', 'MORA', 'CARBALLO', ''),
('4-0231-0566', 'estudiante', 'JUAN ALBERTO', 'MORA', 'HERRERA', ''),
('2-0773-0053', 'estudiante', 'CRISTOPHER ', 'SEGURA', 'RODRIGUEZ', ''),
('4-0233-0935', 'estudiante', 'KIMBERLYN ', 'BENAVIDES', 'VARGAS', ''),
('2-0758-0635', 'estudiante', 'YAJAIRA MARIA', 'CAMPOS', 'LOBO', ''),
('2-0766-0240', 'estudiante', 'RAQUEL DE LOS ANGELES', 'GONZALEZ', 'MORA', ''),
('1-1665-0877', 'estudiante', 'KIMBERLY TATIANA', 'JIMENEZ', 'SOTO', ''),
('01265044', 'estudiante', 'KAREN GABRIELA', 'MEDINA', 'SALAZAR', ''),
('2-0737-0129', 'estudiante', 'JOSE ARMANDO', 'MONDRAGON', 'VARGAS', ''),
('2-0762-0380', 'estudiante', 'MARVIN DAVID', 'MORA', 'GONZALEZ', ''),
('2-0764-0027', 'estudiante', 'DANIELA CAROLINA', 'NUNEZ', 'RIVERA', ''),
('4-0235-0062', 'estudiante', 'LUIS DIEGO', 'QUESADA', 'ALVARADO', ''),
('155801531623', 'estudiante', 'JESSICA RAQUEL', 'RAMOS', 'OBANDO', ''),
('2-0767-0673', 'estudiante', 'CARLOS ANDRES', 'RODRIGUEZ', 'VALVERDE', ''),
('2-0763-0892', 'estudiante', 'MERILYN CRISTINA', 'SOTO', 'HIDALGO', ''),
('1-1663-0997', 'estudiante', 'VICTOR ANTONIO', 'ARAYA', 'CALVO', ''),
('2-0769-0994', 'estudiante', 'ERICKSON GERARDO', 'BADILLA', 'ARCIA', ''),
('2-0754-0414', 'estudiante', 'EMMANUEL ', 'CAMPOS', 'GRANADOS', ''),
('2-0759-0750', 'estudiante', 'PAUL ', 'RODRIGUEZ', 'JIMENEZ', ''),
('2-0759-0139', 'estudiante', 'MAURICIO ANDRES', 'JIMENEZ', 'GUTIERREZ', ''),
('2-0768-0911', 'estudiante', 'BRAYAN ESTEBAN', 'JIMENEZ', 'MOLINA', ''),
('2-0767-0183', 'estudiante', 'CESAR DAVID', 'LOPEZ', 'GONZALEZ', ''),
('2-0759-0416', 'estudiante', 'BRANDON JOSE', 'MEJIAS', 'SALAS', ''),
('2-0758-0492', 'estudiante', 'STEPHANIE VIVIANA', 'MORALES', 'FLORES', ''),
('207490076', 'estudiante', 'BREINER RAUL', 'NUNEZ', 'ARRIETA', ''),
('2-0759-0960', 'estudiante', 'CHRISTIAN DANIEL', 'PIEDRA', 'CHACON', ''),
('2-0767-0658', 'estudiante', 'KEVIN JOSUE', 'SIBAJA', 'MONTERO', ''),
('2-0751-0194', 'estudiante', 'VICTOR MANUEL', 'VARGAS', 'PANIAGUA', ''),
('3-0496-0303', 'estudiante', 'LUIS ANTONIO', 'VILLAGRA', 'MIRANDA', ''),
('1-1591-0040', 'estudiante', 'VERONICA LUCIA', 'ZAMORA', 'ALVAREZ', ''),
('2-0775-0203', 'estudiante', 'JESUS ALONSO', 'ALFARO', 'BARRANTES', ''),
('1-1666-0892', 'estudiante', 'MARIA CAROLINA', 'CORTES', 'PANIAGUA', ''),
('2-0769-0684', 'estudiante', 'MARLON FRANCISCO', 'FERNANDEZ', 'SANCHEZ', ''),
('2-0756-0312', 'estudiante', 'DEIVID MARTIN', 'FLORES', 'FERNANDEZ', ''),
('1-1595-0987', 'estudiante', 'GARY MIGUEL', 'GOMEZ', 'LOPEZ', ''),
('2-0742-0640', 'estudiante', 'JEAN PAUL', 'GOMEZ', 'SOLANO', ''),
('4-0235-0042', 'estudiante', 'BLANCA YULISSA', 'GONZALEZ', 'CHINCHILLA', ''),
('2-0769-0527', 'estudiante', 'ABIGAIL ', 'GONZALEZ', 'VARGAS', ''),
('2-0764-0205', 'estudiante', 'CARLOS ANDRES', 'SHEIK', 'ARAYA', ''),
('2-0768-0040', 'estudiante', 'VALERY ', 'PANIAGUA', 'VALVERDE', ''),
('5-0415-0458', 'estudiante', 'SOFIA DANIELA', 'VARELA', 'RODRIGUEZ', ''),
('2-0770-0580', 'estudiante', 'JEFFRY ALBERTO', 'VIQUEZ', 'NAVARRO', ''),
('2-0751-0152', 'estudiante', 'VANESSA ', 'ALVARADO', 'ACHIO', ''),
('2-0758-0495', 'estudiante', 'JOSE DANIEL', 'ALVARADO', 'HERNANDEZ', ''),
('2-0748-0648', 'estudiante', 'KAREN SUSANA', 'ALVAREZ', 'ABARCA', ''),
('4-0232-0520', 'estudiante', 'JOSE CARLOS', 'ARAYA', 'PARRA', ''),
('2-0755-0518', 'estudiante', 'DANIELA DE LOS ANGELES', 'BARQUERO', 'MARIN', ''),
('0127281113', 'estudiante', 'ELVIN ANTONIO', 'CAMPOS', 'GRANADOS', ''),
('01265081013', 'estudiante', 'YOHEYDI SUGEN', 'CHEVES', 'SOLANO', ''),
('2-0751-0793', 'estudiante', 'GABRIELA MARIA', 'EDUARTE', 'NUNEZ', ''),
('2-0745-0484', 'estudiante', 'PAMELA MARIA', 'FALLAS', 'PORRAS', ''),
('2-0746-0984', 'estudiante', 'STEPHANIE MARCELA', 'GUTIERREZ', 'CARVAJAL', ''),
('4-0232-0282', 'estudiante', 'LORIANA ', 'HERNANDEZ', 'PORRAS', ''),
('4-0230-0994', 'estudiante', 'VALERIA ', 'RAMIREZ', 'MORALES', ''),
('2-0757-0535', 'estudiante', 'MELISSA ADELAIDA', 'RODRIGUEZ', 'ACOSTA', ''),
('2-0752-0368', 'estudiante', 'JOCELYN MICHEL', 'VARGAS', 'RAMIREZ', ''),
('2-0754-0375', 'estudiante', 'MARCOS ESTEBAN', 'ALVAREZ', 'CUBERO', ''),
('2-0752-0650', 'estudiante', 'HUGO ELIAS', 'ALVAREZ', 'JIMENEZ', ''),
('2-0752-0419', 'estudiante', 'PAOLA MELISSA', 'BRENES', 'CALVO', ''),
('1-1653-0823', 'estudiante', 'JOHEL ARMANDO', 'CASTRO', 'QUESADA', ''),
('2-0753-0044', 'estudiante', 'BRANDON JOSE', 'CASTRO', 'IROLA', ''),
('2-0755-0206', 'estudiante', 'DIEGO ARMANDO', 'FERNANDEZ', 'ALVAREZ', ''),
('4-0232-0749', 'estudiante', 'NIKOL ', 'HERNANDEZ', 'VARELA', ''),
('4-0229-0438', 'estudiante', 'JOSUE RAFAEL', 'LOBO', 'GONZALEZ', ''),
('1-1641-0984', 'estudiante', 'CHRISTOPHER ', 'PANIAGUA', 'ZUNIGA', ''),
('4-0230-0515', 'estudiante', 'MIGUEL JOSUE', 'QUIROS', 'MOREIRA', ''),
('4-0229-0651', 'estudiante', 'BRYAN ANDRES', 'RODRIGUEZ', 'MORA', ''),
('4-0230-0940', 'estudiante', 'HERMES ALBERTO', 'ROJAS', 'MIRANDA', ''),
('2-0756-0495', 'estudiante', 'BRAYAN JOHEL', 'SEGURA', 'RODRIGUEZ', ''),
('1-1633-0064', 'estudiante', 'KENDALL JESUS', 'VARGAS', 'MONTERO', '');
INSERT INTO `persona` (`cedula`, `tipo`, `nombre`, `apellido1`, `apellido2`, `password`) VALUES
('1-1603-0968', 'estudiante', 'REBECA ', 'ALVARADO', 'ACHIO', ''),
('2-0759-0240', 'estudiante', 'DAYANA PRISCILA', 'BARRIENTOS', 'CALVO', ''),
('2-0749-0279', 'estudiante', 'KEMBLY ', 'CALVO', 'BONILLA', ''),
('2-0751-0783', 'estudiante', 'JOCELYN DAYANNE', 'CASTRILLO', 'LE MAITRE', ''),
('4-0229-0612', 'estudiante', 'GERMAN ANDREY', 'CHAVARRIA', 'ARIAS', ''),
('2-0756-0464', 'estudiante', 'ASHLY MARIA', 'CORDOBA', 'HERNANDEZ', ''),
('4-0232-0278', 'estudiante', 'GERARDO ALFONSO', 'GONZALEZ', 'ALVARADO', ''),
('4-0233-0001', 'estudiante', 'DIEGO ESTEBAN', 'HERNANDEZ', 'CABEZAS', ''),
('2-0758-0485', 'estudiante', 'ALISON ', 'LARA', 'SALAS', ''),
('4-0229-0580', 'estudiante', 'CARLOS ANDRES', 'MORENO', 'ZARATE', ''),
('1-1647-0347', 'estudiante', 'JOHAN ANDREY', 'NUNEZ', 'SOTO', ''),
('2-0747-0029', 'estudiante', 'DAYANA DE LOS ANGELES', 'PANIAGUA', 'ARAYA', ''),
('2-0759-0184', 'estudiante', 'STEPHANIE MARGOT', 'RODRIGUEZ', 'BADILLA', ''),
('4-0229-0938', 'estudiante', 'ANGIE MICHELLE', 'RODRIGUEZ', 'RODRIGUEZ', ''),
('1-1627-0967', 'estudiante', 'KATHERINE TATIANA', 'SALAS', 'MARIN', ''),
('1-1626-0380', 'estudiante', 'JOSE ENRIQUE', 'SALAS', 'NUNEZ', ''),
('4-0229-0676', 'estudiante', 'JOSELYN ', 'SALAZAR', 'PANIAGUA', ''),
('43', 'estudiante', 'MARIA JOSE', 'SANCHEZ', 'CAMACHO', ''),
('44', 'estudiante', 'JOSTIN ', 'VALVERDE', 'HERRERA', ''),
('2-0751-0426', 'estudiante', 'ESTEBAN ', 'CALVO', 'ALVARADO', ''),
('2-0711-0967', 'estudiante', 'ARIEL SALVADOR', 'CAMACHO', 'OBANDO', ''),
('1558151219', 'estudiante', 'JILMAR DE LOS ANGELES', 'GOMEZ', 'GUEVARA', ''),
('2-0756-0748', 'estudiante', 'MARIA JOSE', 'GONZALEZ', 'MESEN', ''),
('4-0224-0792', 'estudiante', 'PRISCILLA LUCIA', 'HERNANDEZ', 'VALVERDE', ''),
('1-1628-0717', 'estudiante', 'MADELEINE HEATHER', 'HOLDING', 'BRIANCESCO', ''),
('4-0230-0309', 'estudiante', 'NICOLE VANESSA', 'JIMENEZ', 'CORDONCILLO', ''),
('4-0229-0636', 'estudiante', 'MARIA JOSE', 'MEJIAS', 'ARGUEDAS', ''),
('2-0735-0649', 'estudiante', 'MICHELLE YELISSA', 'MONTERO', 'FLORES', ''),
('1-1612-0946', 'estudiante', 'MARIA JOSE', 'SANCHEZ', 'CAMACHO', ''),
('2-0742-0418', 'estudiante', 'JOUSTIN BERNARDO', 'VALVERDE', 'HERRERA', ''),
('2-0747-0101', 'estudiante', 'JONATHAN ALEJANDRO', 'ALVAREZ', 'MIRANDA', ''),
('2-0754-0367', 'estudiante', 'MICHAEL JULIO', 'ARIAS', 'CARVAJAL', ''),
('2-0760-0640', 'estudiante', 'KAREN VANESSA', 'MONGE', 'RODRIGUEZ', ''),
('207490784', 'estudiante', 'STEVEN JESUS', 'MONTERO', 'ALFARO', ''),
('1-1641-0974', 'estudiante', 'JUAN LUIS', 'MORA', 'MENDOZA', ''),
('2-0753-0800', 'estudiante', 'JUAN DANIEL', 'OBANDO', 'MOYA', ''),
('2-0759-0550', 'estudiante', 'ITREAN JESUS', 'PANIAGUA', 'MONTERO', ''),
('155814284626', 'estudiante', 'JUDITH ELIZABETH', 'RUGAMA', 'GARCIA', ''),
('2-0759-0233', 'estudiante', 'ANYEL VALERIA', 'SANABRIA', 'HERNANDEZ', ''),
('2-0756-0846', 'estudiante', 'CESAR ABEL', 'SANCHEZ', 'RODRIGUEZ', ''),
('2-0746-0391', 'estudiante', 'JOSE PABLO', 'SANCHEZ', 'BOLANOS', ''),
('2-0748-0279', 'estudiante', 'DANIEL GERARDO', 'ARAYA', 'SOTO', ''),
('2-0750-0269', 'estudiante', 'MARIANELA ', 'BALLESTERO', 'CAMBRONERO', ''),
('2-0747-0152', 'estudiante', 'GRETEL DILENA', 'BEJARANO', 'QUESADA', ''),
('2-0755-0075', 'estudiante', 'MARIA FERNANDA', 'BOZA', 'CASTRO', ''),
('4-0232-0550', 'estudiante', 'FABIOLA ', 'CHAVES', 'CAMACHO', ''),
('2-0747-0866', 'estudiante', 'REBECA MARIA', 'FALLAS', 'HENRIQUEZ', ''),
('1-1632-0947', 'estudiante', 'BRYAN JOSE', 'FERNANDEZ', 'CALVO', ''),
('4-0228-0239', 'estudiante', 'JOSSELINE MARIA', 'GABELMAN', 'CORDOBA', ''),
('1-1623-0056', 'estudiante', 'LAURA FRANCISCA', 'GAMBOA', 'TORRES', ''),
('4-0230-0404', 'estudiante', 'JUAN PABLO', 'HERNANDEZ', 'NUNEZ', ''),
('4-0232-0020', 'estudiante', 'YORLEY ANDREA', 'JIMENEZ', 'MORA', ''),
('1-1637-0674', 'estudiante', 'JOSE PABLO', 'MONTOYA', 'CHACON', ''),
('4-0231-0611', 'estudiante', 'BRYAN ANDRES', 'MORA', 'ALVAREZ', ''),
('2-0754-0374', 'estudiante', 'ESTEBAN ', 'RODRIGUEZ', 'GUTIERREZ', ''),
('2-0746-0995', 'estudiante', 'JUAN DIEGO', 'SALAS', 'MEJIAS', ''),
('2-0740-0057', 'estudiante', 'YONAN EDUARDO', 'SANCHEZ', 'VILLALOBOS', ''),
('4-0232-0327', 'estudiante', 'KEREN ', 'SANDI', 'ARIAS', ''),
('4-0231-0854', 'estudiante', 'DIEGO ARMANDO', 'UGALDE', 'GONZALEZ', ''),
('2-0758-0438', 'estudiante', 'DANIELA MELISSA', 'VALVERDE', 'ALVAREZ', ''),
('1-1657-0325', 'estudiante', 'BYRON EDUARDO', 'VARGAS', 'ARAYA', ''),
('2-0747-0133', 'estudiante', 'GWENDOLYN ', 'VIQUEZ', 'VALVERDE', ''),
('2-0742-0118', 'estudiante', 'JESSICA DEL SOCORRO', 'ZAMORA', 'JARQUIN', '');

-- --------------------------------------------------------

--
-- Estructura de tabla para la tabla `preguntas`
--

CREATE TABLE IF NOT EXISTS `preguntas` (
  `numero_pregunta` int(5) NOT NULL,
  `cod_respuesta` int(3) NOT NULL,
  `cod_img_pregunta` int(4) NOT NULL,
  `cod_materia` int(3) NOT NULL,
  `ced_docente` varchar(20) COLLATE utf8_spanish_ci NOT NULL,
  `pregunta` varchar(500) COLLATE utf8_spanish_ci NOT NULL,
  `nivel` varchar(4) COLLATE utf8_spanish_ci NOT NULL,
  `contenido` int(3) NOT NULL
) ENGINE=MyISAM DEFAULT CHARSET=utf8 COLLATE=utf8_spanish_ci;

--
-- Volcado de datos para la tabla `preguntas`
--

INSERT INTO `preguntas` (`numero_pregunta`, `cod_respuesta`, `cod_img_pregunta`, `cod_materia`, `ced_docente`, `pregunta`, `nivel`, `contenido`) VALUES
(1, 1, 0, 4, '6-0324-0688', '¿Que es internet?', '7', 1),
(2, 2, 0, 4, '6-0324-0688', 'Aparecen los microprocesadores que es un gran adelanto de la microelectrónica, son circuitos integrados de alta densidad y con una velocidad impresionante. En el fragmento anterior se refiere', '7', 3),
(3, 3, 0, 4, '6-0324-0688', 'En esta generación había un gran desconocimiento de las capacidades de las computadoras, usaban tubos al vacío para procesar información. En el fragmento anterior se refiere:', '7', 3);

-- --------------------------------------------------------

--
-- Estructura de tabla para la tabla `respuestas`
--

CREATE TABLE IF NOT EXISTS `respuestas` (
  `numero_respuesta` int(3) NOT NULL,
  `respuesta1` varchar(100) COLLATE utf8_spanish_ci NOT NULL,
  `respuesta2` varchar(100) COLLATE utf8_spanish_ci NOT NULL,
  `respuesta3` varchar(100) COLLATE utf8_spanish_ci NOT NULL,
  `respuesta4` varchar(100) COLLATE utf8_spanish_ci NOT NULL,
  `correcta` int(1) NOT NULL,
  `cod_img_r1` int(4) NOT NULL,
  `cod_img_r2` int(4) NOT NULL,
  `cod_img_r3` int(4) NOT NULL,
  `cod_img_r4` int(4) NOT NULL
) ENGINE=MyISAM DEFAULT CHARSET=utf8 COLLATE=utf8_spanish_ci;

--
-- Volcado de datos para la tabla `respuestas`
--

INSERT INTO `respuestas` (`numero_respuesta`, `respuesta1`, `respuesta2`, `respuesta3`, `respuesta4`, `correcta`, `cod_img_r1`, `cod_img_r2`, `cod_img_r3`, `cod_img_r4`) VALUES
(1, 'un tostador', 'una red de computadoras', 'ddd', 'fff', 2, 0, 0, 0, 0),
(2, '1° Generación de las computadoras.', '2° Generación de las computadoras.', '3° Generación de las computadoras.', '4° Generación de las computadoras.', 4, 0, 0, 0, 0),
(3, '1° Generación de las computadoras.', '2° Generación de las computadoras.', '3° Generación de las computadoras.', '4° Generación de las computadoras.', 1, 0, 0, 0, 0);

--
-- Índices para tablas volcadas
--

--
-- Indices de la tabla `asignaturas`
--
ALTER TABLE `asignaturas`
 ADD PRIMARY KEY (`codigo`);

--
-- Indices de la tabla `contenidos`
--
ALTER TABLE `contenidos`
 ADD PRIMARY KEY (`cod_contenido`);

--
-- Indices de la tabla `estadistica`
--
ALTER TABLE `estadistica`
 ADD PRIMARY KEY (`numero_registro`);

--
-- Indices de la tabla `examen`
--
ALTER TABLE `examen`
 ADD PRIMARY KEY (`cod_examen`);

--
-- Indices de la tabla `imagen`
--
ALTER TABLE `imagen`
 ADD PRIMARY KEY (`codigo`);

--
-- Indices de la tabla `persona`
--
ALTER TABLE `persona`
 ADD PRIMARY KEY (`cedula`);

--
-- Indices de la tabla `preguntas`
--
ALTER TABLE `preguntas`
 ADD PRIMARY KEY (`numero_pregunta`);

--
-- Indices de la tabla `respuestas`
--
ALTER TABLE `respuestas`
 ADD PRIMARY KEY (`numero_respuesta`);

--
-- AUTO_INCREMENT de las tablas volcadas
--

--
-- AUTO_INCREMENT de la tabla `estadistica`
--
ALTER TABLE `estadistica`
MODIFY `numero_registro` int(4) NOT NULL AUTO_INCREMENT,AUTO_INCREMENT=303;
--
-- AUTO_INCREMENT de la tabla `examen`
--
ALTER TABLE `examen`
MODIFY `cod_examen` int(3) NOT NULL AUTO_INCREMENT,AUTO_INCREMENT=12;
--
-- AUTO_INCREMENT de la tabla `imagen`
--
ALTER TABLE `imagen`
MODIFY `codigo` int(11) NOT NULL AUTO_INCREMENT,AUTO_INCREMENT=109;
/*!40101 SET CHARACTER_SET_CLIENT=@OLD_CHARACTER_SET_CLIENT */;
/*!40101 SET CHARACTER_SET_RESULTS=@OLD_CHARACTER_SET_RESULTS */;
/*!40101 SET COLLATION_CONNECTION=@OLD_COLLATION_CONNECTION */;
